{
  "type": "FeatureCollection",
  "features": [
    {
      "type": "Feature",
      "geometry": {
        "type": "LineString",
        "coordinates": [
          [
            15.952467105263157,
            40.333333333333336
          ],
          [
            15.95338671495968,
            40.33279039303756
          ],
          [
            15.954410885167464,
            40.33207460807873
          ]
        ]
      },
      "properties": {
        "tipo": "mule_track",
        "area_px": 429,
        "lon_c": 15.953387,
        "lat_c": 40.33279
      }
    },
    {
      "type": "Feature",
      "geometry": {
        "type": "LineString",
        "coordinates": [
          [
            16.056758373205742,
            40.33201739329443
          ],
          [
            16.05795784583383,
            40.33080797598253
          ],
          [
            16.0592254784689,
            40.32944272800092
          ]
        ]
      },
      "properties": {
        "tipo": "mule_track",
        "area_px": 521,
        "lon_c": 16.057958,
        "lat_c": 40.330808
      }
    },
    {
      "type": "Feature",
      "geometry": {
        "type": "LineString",
        "coordinates": [
          [
            16.058627392344498,
            40.329385513216614
          ],
          [
            16.059700006776346,
            40.32843414127373
          ],
          [
            16.060645933014353,
            40.327211351413204
          ]
        ]
      },
      "properties": {
        "tipo": "mule_track",
        "area_px": 406,
        "lon_c": 16.0597,
        "lat_c": 40.328434
      }
    },
    {
      "type": "Feature",
      "geometry": {
        "type": "LineString",
        "coordinates": [
          [
            16.05989832535885,
            40.326810847923106
          ],
          [
            16.065142030498915,
            40.321501278675235
          ],
          [
            16.071037679425835,
            40.31702711980776
          ]
        ]
      },
      "properties": {
        "tipo": "mule_track",
        "area_px": 4299,
        "lon_c": 16.065142,
        "lat_c": 40.321501
      }
    },
    {
      "type": "Feature",
      "geometry": {
        "type": "LineString",
        "coordinates": [
          [
            16.07208433014354,
            40.32240530953199
          ],
          [
            16.076792517971654,
            40.319364129319055
          ],
          [
            16.08180322966507,
            40.31473852843575
          ]
        ]
      },
      "properties": {
        "tipo": "mule_track",
        "area_px": 3909,
        "lon_c": 16.076793,
        "lat_c": 40.319364
      }
    },
    {
      "type": "Feature",
      "geometry": {
        "type": "LineString",
        "coordinates": [
          [
            16.05630980861244,
            40.31977342945417
          ],
          [
            16.057574291678392,
            40.31898016329773
          ],
          [
            16.058851674641147,
            40.318114200709466
          ]
        ]
      },
      "properties": {
        "tipo": "mule_track",
        "area_px": 510,
        "lon_c": 16.057574,
        "lat_c": 40.31898
      }
    },
    {
      "type": "Feature",
      "geometry": {
        "type": "LineString",
        "coordinates": [
          [
            16.05713217703349,
            40.31616889804326
          ],
          [
            16.058346701019513,
            40.31532736872085
          ],
          [
            16.059748803827752,
            40.314452454514246
          ]
        ]
      },
      "properties": {
        "tipo": "mule_track",
        "area_px": 497,
        "lon_c": 16.058347,
        "lat_c": 40.315327
      }
    },
    {
      "type": "Feature",
      "geometry": {
        "type": "LineString",
        "coordinates": [
          [
            16.06311303827751,
            40.314223595377044
          ],
          [
            16.06396626314661,
            40.31273128806672
          ],
          [
            16.065056818181816,
            40.311648930083535
          ]
        ]
      },
      "properties": {
        "tipo": "mule_track",
        "area_px": 424,
        "lon_c": 16.063966,
        "lat_c": 40.312731
      }
    },
    {
      "type": "Feature",
      "geometry": {
        "type": "LineString",
        "coordinates": [
          [
            16.052796052631578,
            40.31376587710265
          ],
          [
            16.053850776108003,
            40.312927667081944
          ],
          [
            16.054889354066987,
            40.311935004005036
          ]
        ]
      },
      "properties": {
        "tipo": "mule_track",
        "area_px": 426,
        "lon_c": 16.053851,
        "lat_c": 40.312928
      }
    },
    {
      "type": "Feature",
      "geometry": {
        "type": "LineString",
        "coordinates": [
          [
            16.060571172248803,
            40.31342258839685
          ],
          [
            16.061989000537856,
            40.3123590901697
          ],
          [
            16.06326255980861,
            40.311305641377736
          ]
        ]
      },
      "properties": {
        "tipo": "mule_track",
        "area_px": 427,
        "lon_c": 16.061989,
        "lat_c": 40.312359
      }
    },
    {
      "type": "Feature",
      "geometry": {
        "type": "LineString",
        "coordinates": [
          [
            16.0288726076555,
            40.300778121066486
          ],
          [
            16.03008222608516,
            40.299862272900526
          ],
          [
            16.03163875598086,
            40.298603959263076
          ]
        ]
      },
      "properties": {
        "tipo": "mule_track",
        "area_px": 556,
        "lon_c": 16.030082,
        "lat_c": 40.299862
      }
    },
    {
      "type": "Feature",
      "geometry": {
        "type": "LineString",
        "coordinates": [
          [
            16.015789473684208,
            40.29740244879277
          ],
          [
            16.01675807343152,
            40.2961827526942
          ],
          [
            16.017957535885166,
            40.29522828698936
          ]
        ]
      },
      "properties": {
        "tipo": "mule_track",
        "area_px": 409,
        "lon_c": 16.016758,
        "lat_c": 40.296183
      }
    },
    {
      "type": "Feature",
      "geometry": {
        "type": "LineString",
        "coordinates": [
          [
            16.137051435406697,
            40.294312850440555
          ],
          [
            16.140167783675118,
            40.29294466326407
          ],
          [
            16.142583732057414,
            40.29019338597094
          ]
        ]
      },
      "properties": {
        "tipo": "mule_track",
        "area_px": 1647,
        "lon_c": 16.140168,
        "lat_c": 40.292945
      }
    },
    {
      "type": "Feature",
      "geometry": {
        "type": "LineString",
        "coordinates": [
          [
            16.1224730861244,
            40.29305412518595
          ],
          [
            16.1258046861892,
            40.292020384790526
          ],
          [
            16.129575358851675,
            40.290365030323834
          ]
        ]
      },
      "properties": {
        "tipo": "mule_track",
        "area_px": 1654,
        "lon_c": 16.125805,
        "lat_c": 40.29202
      }
    },
    {
      "type": "Feature",
      "geometry": {
        "type": "LineString",
        "coordinates": [
          [
            16.144826555023922,
            40.29293969561735
          ],
          [
            16.167393510754984,
            40.27880584194568
          ],
          [
            16.2,
            40.267650760956634
          ]
        ]
      },
      "properties": {
        "tipo": "mule_track",
        "area_px": 39626,
        "lon_c": 16.167394,
        "lat_c": 40.278806
      }
    },
    {
      "type": "Feature",
      "geometry": {
        "type": "LineString",
        "coordinates": [
          [
            16.14340610047847,
            40.28927794942213
          ],
          [
            16.144944311251205,
            40.28842721714656
          ],
          [
            16.14624700956938,
            40.28756150589312
          ]
        ]
      },
      "properties": {
        "tipo": "mule_track",
        "area_px": 466,
        "lon_c": 16.144944,
        "lat_c": 40.288427
      }
    },
    {
      "type": "Feature",
      "geometry": {
        "type": "LineString",
        "coordinates": [
          [
            16.102287679425835,
            40.28893466071633
          ],
          [
            16.10780272722736,
            40.287681468876386
          ],
          [
            16.114249401913874,
            40.28658885456002
          ]
        ]
      },
      "properties": {
        "tipo": "mule_track",
        "area_px": 3164,
        "lon_c": 16.107803,
        "lat_c": 40.287681
      }
    },
    {
      "type": "Feature",
      "geometry": {
        "type": "LineString",
        "coordinates": [
          [
            16.161124401913874,
            40.219075409085704
          ],
          [
            16.175077289304262,
            40.215720652692845
          ],
          [
            16.188711124401912,
            40.20946332532326
          ]
        ]
      },
      "properties": {
        "tipo": "mule_track",
        "area_px": 8190,
        "lon_c": 16.175077,
        "lat_c": 40.215721
      }
    },
    {
      "type": "Feature",
      "geometry": {
        "type": "LineString",
        "coordinates": [
          [
            16.162320574162678,
            40.212495708891176
          ],
          [
            16.163542921643547,
            40.21137995199446
          ],
          [
            16.16486244019139,
            40.21026433230347
          ]
        ]
      },
      "properties": {
        "tipo": "mule_track",
        "area_px": 417,
        "lon_c": 16.163543,
        "lat_c": 40.21138
      }
    },
    {
      "type": "Feature",
      "geometry": {
        "type": "LineString",
        "coordinates": [
          [
            16.195962918660285,
            40.211523057558075
          ],
          [
            16.197967349827863,
            40.21045382346982
          ],
          [
            16.2,
            40.20912003661746
          ]
        ]
      },
      "properties": {
        "tipo": "mule_track",
        "area_px": 763,
        "lon_c": 16.197967,
        "lat_c": 40.210454
      }
    },
    {
      "type": "Feature",
      "geometry": {
        "type": "LineString",
        "coordinates": [
          [
            16.188561602870813,
            40.209749399244764
          ],
          [
            16.193091566620136,
            40.206723548725556
          ],
          [
            16.196336722488038,
            40.20402792081474
          ]
        ]
      },
      "properties": {
        "tipo": "mule_track",
        "area_px": 3109,
        "lon_c": 16.193092,
        "lat_c": 40.206724
      }
    },
    {
      "type": "Feature",
      "geometry": {
        "type": "LineString",
        "coordinates": [
          [
            16.171291866028707,
            40.20889117748026
          ],
          [
            16.172400422719694,
            40.20811657732358
          ],
          [
            16.173609449760765,
            40.207231948735554
          ]
        ]
      },
      "properties": {
        "tipo": "mule_track",
        "area_px": 442,
        "lon_c": 16.1724,
        "lat_c": 40.208117
      }
    },
    {
      "type": "Feature",
      "geometry": {
        "type": "LineString",
        "coordinates": [
          [
            16.13465909090909,
            40.20557271999085
          ],
          [
            16.13558013201685,
            40.20409318315058
          ],
          [
            16.136677631578948,
            40.20179654422703
          ]
        ]
      },
      "properties": {
        "tipo": "mule_track",
        "area_px": 519,
        "lon_c": 16.13558,
        "lat_c": 40.204093
      }
    },
    {
      "type": "Feature",
      "geometry": {
        "type": "LineString",
        "coordinates": [
          [
            16.17159090909091,
            40.20482892779494
          ],
          [
            16.172647930349587,
            40.20372692129733
          ],
          [
            16.173758971291864,
            40.20219704771713
          ]
        ]
      },
      "properties": {
        "tipo": "mule_track",
        "area_px": 483,
        "lon_c": 16.172648,
        "lat_c": 40.203727
      }
    },
    {
      "type": "Feature",
      "geometry": {
        "type": "LineString",
        "coordinates": [
          [
            16.173609449760765,
            40.20259755120723
          ],
          [
            16.175001961544837,
            40.20159091089335
          ],
          [
            16.176599880382774,
            40.20053781897242
          ]
        ]
      },
      "properties": {
        "tipo": "mule_track",
        "area_px": 404,
        "lon_c": 16.175002,
        "lat_c": 40.201591
      }
    },
    {
      "type": "Feature",
      "geometry": {
        "type": "LineString",
        "coordinates": [
          [
            16.164413875598086,
            40.20048060418812
          ],
          [
            16.165569237264283,
            40.19940833181882
          ],
          [
            16.166880980861244,
            40.198249227600414
          ]
        ]
      },
      "properties": {
        "tipo": "mule_track",
        "area_px": 425,
        "lon_c": 16.165569,
        "lat_c": 40.199408
      }
    },
    {
      "type": "Feature",
      "geometry": {
        "type": "LineString",
        "coordinates": [
          [
            16.161049641148324,
            40.195216844032494
          ],
          [
            16.162189775786267,
            40.19405478855454
          ],
          [
            16.163367224880382,
            40.19287103787619
          ]
        ]
      },
      "properties": {
        "tipo": "mule_track",
        "area_px": 567,
        "lon_c": 16.16219,
        "lat_c": 40.194055
      }
    },
    {
      "type": "Feature",
      "geometry": {
        "type": "LineString",
        "coordinates": [
          [
            16.18213217703349,
            40.19132623870008
          ],
          [
            16.183164010302168,
            40.190136325821186
          ],
          [
            16.18459928229665,
            40.18909486211237
          ]
        ]
      },
      "properties": {
        "tipo": "mule_track",
        "area_px": 444,
        "lon_c": 16.183164,
        "lat_c": 40.190136
      }
    },
    {
      "type": "Feature",
      "geometry": {
        "type": "LineString",
        "coordinates": [
          [
            16.13757476076555,
            40.190868520425674
          ],
          [
            16.139049362244123,
            40.1894156865636
          ],
          [
            16.14063995215311,
            40.18783613685776
          ]
        ]
      },
      "properties": {
        "tipo": "mule_track",
        "area_px": 787,
        "lon_c": 16.139049,
        "lat_c": 40.189416
      }
    },
    {
      "type": "Feature",
      "geometry": {
        "type": "LineString",
        "coordinates": [
          [
            16.10400717703349,
            40.18480375328985
          ],
          [
            16.10529767482358,
            40.18386739417694
          ],
          [
            16.1066985645933,
            40.18291566540794
          ]
        ]
      },
      "properties": {
        "tipo": "mule_track",
        "area_px": 577,
        "lon_c": 16.105298,
        "lat_c": 40.183867
      }
    },
    {
      "type": "Feature",
      "geometry": {
        "type": "LineString",
        "coordinates": [
          [
            16.101540071770334,
            40.18360224281954
          ],
          [
            16.10260056707425,
            40.18272110865299
          ],
          [
            16.103708133971292,
            40.181828584506235
          ]
        ]
      },
      "properties": {
        "tipo": "mule_track",
        "area_px": 432,
        "lon_c": 16.102601,
        "lat_c": 40.182721
      }
    },
    {
      "type": "Feature",
      "geometry": {
        "type": "LineString",
        "coordinates": [
          [
            16.225141748731723,
            40.333333333333336
          ],
          [
            16.231251201372935,
            40.33114484377911
          ],
          [
            16.237749925395402,
            40.32856978879706
          ]
        ]
      },
      "properties": {
        "tipo": "mule_track",
        "area_px": 7025,
        "lon_c": 16.231251,
        "lat_c": 40.331145
      }
    },
    {
      "type": "Feature",
      "geometry": {
        "type": "LineString",
        "coordinates": [
          [
            16.32354521038496,
            40.333333333333336
          ],
          [
            16.324784778015573,
            40.33257960013715
          ],
          [
            16.32623097582811,
            40.33166896235078
          ]
        ]
      },
      "properties": {
        "tipo": "mule_track",
        "area_px": 699,
        "lon_c": 16.324785,
        "lat_c": 40.33258
      }
    },
    {
      "type": "Feature",
      "geometry": {
        "type": "LineString",
        "coordinates": [
          [
            16.326603998806327,
            40.333333333333336
          ],
          [
            16.33221826367038,
            40.33155699740628
          ],
          [
            16.337943897344076,
            40.328512396694215
          ]
        ]
      },
      "properties": {
        "tipo": "mule_track",
        "area_px": 5130,
        "lon_c": 16.332218,
        "lat_c": 40.331557
      }
    },
    {
      "type": "Feature",
      "geometry": {
        "type": "LineString",
        "coordinates": [
          [
            16.3376454789615,
            40.32879935720845
          ],
          [
            16.34608495485126,
            40.31865816309811
          ],
          [
            16.354580722172486,
            40.30968778696052
          ]
        ]
      },
      "properties": {
        "tipo": "mule_track",
        "area_px": 12637,
        "lon_c": 16.346085,
        "lat_c": 40.318658
      }
    },
    {
      "type": "Feature",
      "geometry": {
        "type": "LineString",
        "coordinates": [
          [
            16.370546105640106,
            40.32828282828283
          ],
          [
            16.372655550581914,
            40.32726764024543
          ],
          [
            16.37420173082662,
            40.326101928374655
          ]
        ]
      },
      "properties": {
        "tipo": "mule_track",
        "area_px": 440,
        "lon_c": 16.372656,
        "lat_c": 40.327268
      }
    },
    {
      "type": "Feature",
      "geometry": {
        "type": "LineString",
        "coordinates": [
          [
            16.38792897642495,
            40.3244375573921
          ],
          [
            16.388962782964573,
            40.32358229793295
          ],
          [
            16.39016711429424,
            40.32265840220386
          ]
        ]
      },
      "properties": {
        "tipo": "mule_track",
        "area_px": 490,
        "lon_c": 16.388963,
        "lat_c": 40.323582
      }
    },
    {
      "type": "Feature",
      "geometry": {
        "type": "LineString",
        "coordinates": [
          [
            16.422097881229483,
            40.31932966023875
          ],
          [
            16.42355569883761,
            40.318257647125996
          ],
          [
            16.424932855863922,
            40.31703397612489
          ]
        ]
      },
      "properties": {
        "tipo": "mule_track",
        "area_px": 579,
        "lon_c": 16.423556,
        "lat_c": 40.318258
      }
    },
    {
      "type": "Feature",
      "geometry": {
        "type": "LineString",
        "coordinates": [
          [
            16.417323187108327,
            40.318411386593205
          ],
          [
            16.418110923868202,
            40.31736848205765
          ],
          [
            16.418964488212474,
            40.31628787878788
          ]
        ]
      },
      "properties": {
        "tipo": "mule_track",
        "area_px": 408,
        "lon_c": 16.418111,
        "lat_c": 40.317368
      }
    },
    {
      "type": "Feature",
      "geometry": {
        "type": "LineString",
        "coordinates": [
          [
            16.39889585198448,
            40.31818181818182
          ],
          [
            16.406634037876227,
            40.31475362707464
          ],
          [
            16.413518352730527,
            40.30876951331497
          ]
        ]
      },
      "properties": {
        "tipo": "mule_track",
        "area_px": 7777,
        "lon_c": 16.406634,
        "lat_c": 40.314754
      }
    },
    {
      "type": "Feature",
      "geometry": {
        "type": "LineString",
        "coordinates": [
          [
            16.387555953446732,
            40.31789485766759
          ],
          [
            16.39565594818883,
            40.3142888147972
          ],
          [
            16.40344673231871,
            40.31049127640037
          ]
        ]
      },
      "properties": {
        "tipo": "mule_track",
        "area_px": 5074,
        "lon_c": 16.395656,
        "lat_c": 40.314289
      }
    },
    {
      "type": "Feature",
      "geometry": {
        "type": "LineString",
        "coordinates": [
          [
            16.4191883019994,
            40.31732093663912
          ],
          [
            16.42307722217306,
            40.31583353077985
          ],
          [
            16.426424947776784,
            40.31404958677686
          ]
        ]
      },
      "properties": {
        "tipo": "mule_track",
        "area_px": 1558,
        "lon_c": 16.423077,
        "lat_c": 40.315834
      }
    },
    {
      "type": "Feature",
      "geometry": {
        "type": "LineString",
        "coordinates": [
          [
            16.412921515965383,
            40.31588613406795
          ],
          [
            16.417146403323166,
            40.314180398345975
          ],
          [
            16.42157564905998,
            40.311983471074385
          ]
        ]
      },
      "properties": {
        "tipo": "mule_track",
        "area_px": 1948,
        "lon_c": 16.417146,
        "lat_c": 40.31418
      }
    },
    {
      "type": "Feature",
      "geometry": {
        "type": "LineString",
        "coordinates": [
          [
            16.37494777678305,
            40.31548438934803
          ],
          [
            16.3832897649999,
            40.310666226901084
          ],
          [
            16.39091316025067,
            40.30681818181819
          ]
        ]
      },
      "properties": {
        "tipo": "mule_track",
        "area_px": 7158,
        "lon_c": 16.38329,
        "lat_c": 40.310666
      }
    },
    {
      "type": "Feature",
      "geometry": {
        "type": "LineString",
        "coordinates": [
          [
            16.430826618919724,
            40.31519742883379
          ],
          [
            16.43185819075948,
            40.313986640599545
          ],
          [
            16.433512384362874,
            40.31290174471993
          ]
        ]
      },
      "properties": {
        "tipo": "mule_track",
        "area_px": 434,
        "lon_c": 16.431858,
        "lat_c": 40.313987
      }
    },
    {
      "type": "Feature",
      "geometry": {
        "type": "LineString",
        "coordinates": [
          [
            16.38128916741271,
            40.314967860422406
          ],
          [
            16.38306614185324,
            40.31385610032043
          ],
          [
            16.385243210981795,
            40.31278696051424
          ]
        ]
      },
      "properties": {
        "tipo": "mule_track",
        "area_px": 948,
        "lon_c": 16.383066,
        "lat_c": 40.313856
      }
    },
    {
      "type": "Feature",
      "geometry": {
        "type": "LineString",
        "coordinates": [
          [
            16.421650253655624,
            40.3142217630854
          ],
          [
            16.425586795354338,
            40.311698430366405
          ],
          [
            16.42903610862429,
            40.308999081726355
          ]
        ]
      },
      "properties": {
        "tipo": "mule_track",
        "area_px": 2272,
        "lon_c": 16.425587,
        "lat_c": 40.311698
      }
    },
    {
      "type": "Feature",
      "geometry": {
        "type": "LineString",
        "coordinates": [
          [
            16.42709638913757,
            40.31416437098255
          ],
          [
            16.42936937575332,
            40.31340982798493
          ],
          [
            16.431498060280514,
            40.31261478420569
          ]
        ]
      },
      "properties": {
        "tipo": "mule_track",
        "area_px": 897,
        "lon_c": 16.429369,
        "lat_c": 40.31341
      }
    },
    {
      "type": "Feature",
      "geometry": {
        "type": "LineString",
        "coordinates": [
          [
            16.37308266189197,
            40.31364784205694
          ],
          [
            16.374368873814934,
            40.312916506631
          ],
          [
            16.37547000895255,
            40.31209825528008
          ]
        ]
      },
      "properties": {
        "tipo": "mule_track",
        "area_px": 416,
        "lon_c": 16.374369,
        "lat_c": 40.312917
      }
    },
    {
      "type": "Feature",
      "geometry": {
        "type": "LineString",
        "coordinates": [
          [
            16.431871083258727,
            40.31330348943985
          ],
          [
            16.434076097172,
            40.31188643556283
          ],
          [
            16.436421963592956,
            40.310146923783286
          ]
        ]
      },
      "properties": {
        "tipo": "mule_track",
        "area_px": 1232,
        "lon_c": 16.434076,
        "lat_c": 40.311886
      }
    },
    {
      "type": "Feature",
      "geometry": {
        "type": "LineString",
        "coordinates": [
          [
            16.403595941509995,
            40.31318870523416
          ],
          [
            16.406783811983537,
            40.31163571209149
          ],
          [
            16.409415099970158,
            40.30980257116621
          ]
        ]
      },
      "properties": {
        "tipo": "mule_track",
        "area_px": 1668,
        "lon_c": 16.406784,
        "lat_c": 40.311636
      }
    },
    {
      "type": "Feature",
      "geometry": {
        "type": "LineString",
        "coordinates": [
          [
            16.416800954938825,
            40.31301652892562
          ],
          [
            16.41843394097968,
            40.3115596046306
          ],
          [
            16.419934347955834,
            40.31037649219468
          ]
        ]
      },
      "properties": {
        "tipo": "mule_track",
        "area_px": 646,
        "lon_c": 16.418434,
        "lat_c": 40.31156
      }
    },
    {
      "type": "Feature",
      "geometry": {
        "type": "LineString",
        "coordinates": [
          [
            16.36316025067144,
            40.31290174471993
          ],
          [
            16.367771325769805,
            40.310433392833275
          ],
          [
            16.374127126230974,
            40.30836776859504
          ]
        ]
      },
      "properties": {
        "tipo": "mule_track",
        "area_px": 4204,
        "lon_c": 16.367771,
        "lat_c": 40.310433
      }
    },
    {
      "type": "Feature",
      "geometry": {
        "type": "LineString",
        "coordinates": [
          [
            16.353834676216053,
            40.3125
          ],
          [
            16.357305882355373,
            40.31032842034676
          ],
          [
            16.3598030438675,
            40.307851239669425
          ]
        ]
      },
      "properties": {
        "tipo": "mule_track",
        "area_px": 2888,
        "lon_c": 16.357306,
        "lat_c": 40.310328
      }
    },
    {
      "type": "Feature",
      "geometry": {
        "type": "LineString",
        "coordinates": [
          [
            16.360399880632645,
            40.31181129476584
          ],
          [
            16.361544609026705,
            40.310376840025604
          ],
          [
            16.362563413906297,
            40.30865472910928
          ]
        ]
      },
      "properties": {
        "tipo": "mule_track",
        "area_px": 660,
        "lon_c": 16.361545,
        "lat_c": 40.310377
      }
    },
    {
      "type": "Feature",
      "geometry": {
        "type": "LineString",
        "coordinates": [
          [
            16.420381975529693,
            40.31083562901745
          ],
          [
            16.421380422080727,
            40.31004152613647
          ],
          [
            16.422545508803342,
            40.309171258034894
          ]
        ]
      },
      "properties": {
        "tipo": "mule_track",
        "area_px": 428,
        "lon_c": 16.42138,
        "lat_c": 40.310042
      }
    },
    {
      "type": "Feature",
      "geometry": {
        "type": "LineString",
        "coordinates": [
          [
            16.241703968964487,
            40.310548668503216
          ],
          [
            16.243250629740974,
            40.30957012061865
          ],
          [
            16.244911966577142,
            40.30848255280073
          ]
        ]
      },
      "properties": {
        "tipo": "mule_track",
        "area_px": 458,
        "lon_c": 16.243251,
        "lat_c": 40.30957
      }
    },
    {
      "type": "Feature",
      "geometry": {
        "type": "LineString",
        "coordinates": [
          [
            16.430304386750223,
            40.31031910009183
          ],
          [
            16.431508900264493,
            40.309621810568785
          ],
          [
            16.43313936138466,
            40.30882690541782
          ]
        ]
      },
      "properties": {
        "tipo": "mule_track",
        "area_px": 468,
        "lon_c": 16.431509,
        "lat_c": 40.309622
      }
    },
    {
      "type": "Feature",
      "geometry": {
        "type": "LineString",
        "coordinates": [
          [
            16.23543718293047,
            40.3099173553719
          ],
          [
            16.23658936289352,
            40.30902831515702
          ],
          [
            16.237824529991048,
            40.30796602387512
          ]
        ]
      },
      "properties": {
        "tipo": "mule_track",
        "area_px": 534,
        "lon_c": 16.236589,
        "lat_c": 40.309028
      }
    },
    {
      "type": "Feature",
      "geometry": {
        "type": "LineString",
        "coordinates": [
          [
            16.394568785437183,
            40.309573002754824
          ],
          [
            16.396507996421303,
            40.308689823793394
          ],
          [
            16.39859743360191,
            40.30773645546373
          ]
        ]
      },
      "properties": {
        "tipo": "mule_track",
        "area_px": 1027,
        "lon_c": 16.396508,
        "lat_c": 40.30869
      }
    },
    {
      "type": "Feature",
      "geometry": {
        "type": "LineString",
        "coordinates": [
          [
            16.383005073112503,
            40.30922865013774
          ],
          [
            16.3840609608395,
            40.30799835439808
          ],
          [
            16.38509400179051,
            40.306760789715334
          ]
        ]
      },
      "properties": {
        "tipo": "mule_track",
        "area_px": 529,
        "lon_c": 16.384061,
        "lat_c": 40.307998
      }
    },
    {
      "type": "Feature",
      "geometry": {
        "type": "LineString",
        "coordinates": [
          [
            16.390241718889882,
            40.30882690541782
          ],
          [
            16.39255066490794,
            40.30716552289979
          ],
          [
            16.394344971650252,
            40.30578512396694
          ]
        ]
      },
      "properties": {
        "tipo": "mule_track",
        "area_px": 845,
        "lon_c": 16.392551,
        "lat_c": 40.307166
      }
    },
    {
      "type": "Feature",
      "geometry": {
        "type": "LineString",
        "coordinates": [
          [
            16.4370188003581,
            40.30859733700643
          ],
          [
            16.439005383677728,
            40.30747070919213
          ],
          [
            16.440674425544614,
            40.306014692378334
          ]
        ]
      },
      "properties": {
        "tipo": "mule_track",
        "area_px": 909,
        "lon_c": 16.439005,
        "lat_c": 40.307471
      }
    },
    {
      "type": "Feature",
      "geometry": {
        "type": "LineString",
        "coordinates": [
          [
            16.321978513876456,
            40.308138200183656
          ],
          [
            16.33552369897549,
            40.29367578957524
          ],
          [
            16.362712623097583,
            40.273875114784204
          ]
        ]
      },
      "properties": {
        "tipo": "mule_track",
        "area_px": 40244,
        "lon_c": 16.335524,
        "lat_c": 40.293676
      }
    },
    {
      "type": "Feature",
      "geometry": {
        "type": "LineString",
        "coordinates": [
          [
            16.363980901223513,
            40.30808080808081
          ],
          [
            16.37621893963003,
            40.305924238124604
          ],
          [
            16.39068934646374,
            40.30354683195593
          ]
        ]
      },
      "properties": {
        "tipo": "mule_track",
        "area_px": 9931,
        "lon_c": 16.376219,
        "lat_c": 40.305924
      }
    },
    {
      "type": "Feature",
      "geometry": {
        "type": "LineString",
        "coordinates": [
          [
            16.440674425544614,
            40.30796602387512
          ],
          [
            16.444823372062956,
            40.30346728305211
          ],
          [
            16.45,
            40.29895546372819
          ]
        ]
      },
      "properties": {
        "tipo": "mule_track",
        "area_px": 4792,
        "lon_c": 16.444823,
        "lat_c": 40.303467
      }
    },
    {
      "type": "Feature",
      "geometry": {
        "type": "LineString",
        "coordinates": [
          [
            16.43769024171889,
            40.306760789715334
          ],
          [
            16.43909842987971,
            40.30487684922883
          ],
          [
            16.440450611757683,
            40.30354683195593
          ]
        ]
      },
      "properties": {
        "tipo": "mule_track",
        "area_px": 706,
        "lon_c": 16.439098,
        "lat_c": 40.304877
      }
    },
    {
      "type": "Feature",
      "geometry": {
        "type": "LineString",
        "coordinates": [
          [
            16.25356609967174,
            40.30463728191001
          ],
          [
            16.2549849590275,
            40.30382482083109
          ],
          [
            16.256326469710533,
            40.302858126721766
          ]
        ]
      },
      "properties": {
        "tipo": "mule_track",
        "area_px": 435,
        "lon_c": 16.254985,
        "lat_c": 40.303825
      }
    },
    {
      "type": "Feature",
      "geometry": {
        "type": "LineString",
        "coordinates": [
          [
            16.447985675917636,
            40.30394857667585
          ],
          [
            16.449172862091782,
            40.302937976603985
          ],
          [
            16.45,
            40.30165289256198
          ]
        ]
      },
      "properties": {
        "tipo": "mule_track",
        "area_px": 552,
        "lon_c": 16.449173,
        "lat_c": 40.302938
      }
    },
    {
      "type": "Feature",
      "geometry": {
        "type": "LineString",
        "coordinates": [
          [
            16.22969262906595,
            40.30325987144169
          ],
          [
            16.2310771910625,
            40.302395069948005
          ],
          [
            16.233422858848105,
            40.3014233241506
          ]
        ]
      },
      "properties": {
        "tipo": "mule_track",
        "area_px": 571,
        "lon_c": 16.231077,
        "lat_c": 40.302395
      }
    },
    {
      "type": "Feature",
      "geometry": {
        "type": "LineString",
        "coordinates": [
          [
            16.2415547597732,
            40.29511019283747
          ],
          [
            16.243333152296742,
            40.29432422427441
          ],
          [
            16.245210384959712,
            40.293617998163455
          ]
        ]
      },
      "properties": {
        "tipo": "mule_track",
        "area_px": 511,
        "lon_c": 16.243333,
        "lat_c": 40.294324
      }
    },
    {
      "type": "Feature",
      "geometry": {
        "type": "LineString",
        "coordinates": [
          [
            16.20887794688153,
            40.29258494031222
          ],
          [
            16.21088981759901,
            40.29127581700961
          ],
          [
            16.21238436287675,
            40.290059687786965
          ]
        ]
      },
      "properties": {
        "tipo": "mule_track",
        "area_px": 669,
        "lon_c": 16.21089,
        "lat_c": 40.291276
      }
    },
    {
      "type": "Feature",
      "geometry": {
        "type": "LineString",
        "coordinates": [
          [
            16.255580423754104,
            40.290920569329664
          ],
          [
            16.256652945908424,
            40.29014889507726
          ],
          [
            16.25766935243211,
            40.28925619834711
          ]
        ]
      },
      "properties": {
        "tipo": "mule_track",
        "area_px": 460,
        "lon_c": 16.256653,
        "lat_c": 40.290149
      }
    },
    {
      "type": "Feature",
      "geometry": {
        "type": "LineString",
        "coordinates": [
          [
            16.215443151298118,
            40.28489439853076
          ],
          [
            16.217225991962227,
            40.28387904104769
          ],
          [
            16.219098776484632,
            40.28254132231405
          ]
        ]
      },
      "properties": {
        "tipo": "mule_track",
        "area_px": 642,
        "lon_c": 16.217226,
        "lat_c": 40.283879
      }
    },
    {
      "type": "Feature",
      "geometry": {
        "type": "LineString",
        "coordinates": [
          [
            16.30765443151298,
            40.28288567493113
          ],
          [
            16.31495830823398,
            40.280030738279976
          ],
          [
            16.32212772306774,
            40.27749081726355
          ]
        ]
      },
      "properties": {
        "tipo": "mule_track",
        "area_px": 7477,
        "lon_c": 16.314958,
        "lat_c": 40.280031
      }
    },
    {
      "type": "Feature",
      "geometry": {
        "type": "LineString",
        "coordinates": [
          [
            16.21812891674127,
            40.2825987144169
          ],
          [
            16.219802630137142,
            40.28057620410759
          ],
          [
            16.222082960310356,
            40.27840909090909
          ]
        ]
      },
      "properties": {
        "tipo": "mule_track",
        "area_px": 1457,
        "lon_c": 16.219803,
        "lat_c": 40.280576
      }
    },
    {
      "type": "Feature",
      "geometry": {
        "type": "LineString",
        "coordinates": [
          [
            16.32018800358102,
            40.28099173553719
          ],
          [
            16.32161656855032,
            40.27990050296352
          ],
          [
            16.32302297821546,
            40.27863865932048
          ]
        ]
      },
      "properties": {
        "tipo": "mule_track",
        "area_px": 660,
        "lon_c": 16.321617,
        "lat_c": 40.279901
      }
    },
    {
      "type": "Feature",
      "geometry": {
        "type": "LineString",
        "coordinates": [
          [
            16.210370038794387,
            40.27972910927456
          ],
          [
            16.211384546518833,
            40.27848652610016
          ],
          [
            16.212458967472397,
            40.277261248852156
          ]
        ]
      },
      "properties": {
        "tipo": "mule_track",
        "area_px": 650,
        "lon_c": 16.211385,
        "lat_c": 40.278487
      }
    },
    {
      "type": "Feature",
      "geometry": {
        "type": "LineString",
        "coordinates": [
          [
            16.278334825425244,
            40.27961432506887
          ],
          [
            16.295723972361056,
            40.273412881378896
          ],
          [
            16.310116383169202,
            40.269283746556475
          ]
        ]
      },
      "properties": {
        "tipo": "mule_track",
        "area_px": 27245,
        "lon_c": 16.295724,
        "lat_c": 40.273413
      }
    },
    {
      "type": "Feature",
      "geometry": {
        "type": "LineString",
        "coordinates": [
          [
            16.312205311847208,
            40.27777777777778
          ],
          [
            16.315517117695272,
            40.276392567949515
          ],
          [
            16.318397493285584,
            40.27490817263545
          ]
        ]
      },
      "properties": {
        "tipo": "mule_track",
        "area_px": 1847,
        "lon_c": 16.315517,
        "lat_c": 40.276393
      }
    },
    {
      "type": "Feature",
      "geometry": {
        "type": "LineString",
        "coordinates": [
          [
            16.24327066547299,
            40.277662993572086
          ],
          [
            16.244394076005246,
            40.27599950869088
          ],
          [
            16.24558340793793,
            40.274276859504134
          ]
        ]
      },
      "properties": {
        "tipo": "mule_track",
        "area_px": 842,
        "lon_c": 16.244394,
        "lat_c": 40.276
      }
    },
    {
      "type": "Feature",
      "geometry": {
        "type": "LineString",
        "coordinates": [
          [
            16.369576245896745,
            40.277662993572086
          ],
          [
            16.3714537948871,
            40.276496312885975
          ],
          [
            16.37353028946583,
            40.2748507805326
          ]
        ]
      },
      "properties": {
        "tipo": "mule_track",
        "area_px": 786,
        "lon_c": 16.371454,
        "lat_c": 40.276496
      }
    },
    {
      "type": "Feature",
      "geometry": {
        "type": "LineString",
        "coordinates": [
          [
            16.307579826917337,
            40.277548209366394
          ],
          [
            16.30912368793222,
            40.27636094143011
          ],
          [
            16.310638615338704,
            40.275252525252526
          ]
        ]
      },
      "properties": {
        "tipo": "mule_track",
        "area_px": 575,
        "lon_c": 16.309124,
        "lat_c": 40.276361
      }
    },
    {
      "type": "Feature",
      "geometry": {
        "type": "LineString",
        "coordinates": [
          [
            16.340331244404656,
            40.27708907254362
          ],
          [
            16.34912259950378,
            40.27187244974921
          ],
          [
            16.359206207102357,
            40.26721763085399
          ]
        ]
      },
      "properties": {
        "tipo": "mule_track",
        "area_px": 7512,
        "lon_c": 16.349123,
        "lat_c": 40.271872
      }
    },
    {
      "type": "Feature",
      "geometry": {
        "type": "LineString",
        "coordinates": [
          [
            16.318621307072515,
            40.276687327823694
          ],
          [
            16.31980079857903,
            40.27542543500647
          ],
          [
            16.320784840346164,
            40.27433425160698
          ]
        ]
      },
      "properties": {
        "tipo": "mule_track",
        "area_px": 626,
        "lon_c": 16.319801,
        "lat_c": 40.275425
      }
    },
    {
      "type": "Feature",
      "geometry": {
        "type": "LineString",
        "coordinates": [
          [
            16.20790808713817,
            40.27622819100092
          ],
          [
            16.2244906835113,
            40.265055564706245
          ],
          [
            16.243121456281706,
            40.250459136822776
          ]
        ]
      },
      "properties": {
        "tipo": "mule_track",
        "area_px": 43552,
        "lon_c": 16.224491,
        "lat_c": 40.265056
      }
    },
    {
      "type": "Feature",
      "geometry": {
        "type": "LineString",
        "coordinates": [
          [
            16.255878842136674,
            40.275826446280995
          ],
          [
            16.26705625704955,
            40.2727523858811
          ],
          [
            16.279080871381677,
            40.26922635445363
          ]
        ]
      },
      "properties": {
        "tipo": "mule_track",
        "area_px": 13095,
        "lon_c": 16.267056,
        "lat_c": 40.272752
      }
    },
    {
      "type": "Feature",
      "geometry": {
        "type": "LineString",
        "coordinates": [
          [
            16.312578334825425,
            40.27576905417815
          ],
          [
            16.314922701127873,
            40.27267728737709
          ],
          [
            16.316980005968368,
            40.269283746556475
          ]
        ]
      },
      "properties": {
        "tipo": "mule_track",
        "area_px": 2805,
        "lon_c": 16.314923,
        "lat_c": 40.272677
      }
    },
    {
      "type": "Feature",
      "geometry": {
        "type": "LineString",
        "coordinates": [
          [
            16.211190689346463,
            40.27519513314968
          ],
          [
            16.212145781994604,
            40.273327818958094
          ],
          [
            16.213130408833184,
            40.2722681359045
          ]
        ]
      },
      "properties": {
        "tipo": "mule_track",
        "area_px": 485,
        "lon_c": 16.212146,
        "lat_c": 40.273328
      }
    },
    {
      "type": "Feature",
      "geometry": {
        "type": "LineString",
        "coordinates": [
          [
            16.23886899433005,
            40.27467860422406
          ],
          [
            16.249854718153408,
            40.26775031438072
          ],
          [
            16.257594747836468,
            40.253213957759414
          ]
        ]
      },
      "properties": {
        "tipo": "mule_track",
        "area_px": 21952,
        "lon_c": 16.249855,
        "lat_c": 40.26775
      }
    },
    {
      "type": "Feature",
      "geometry": {
        "type": "LineString",
        "coordinates": [
          [
            16.310190987764845,
            40.274104683195596
          ],
          [
            16.311771725501103,
            40.27295827268771
          ],
          [
            16.313622799164428,
            40.27163682277319
          ]
        ]
      },
      "properties": {
        "tipo": "mule_track",
        "area_px": 882,
        "lon_c": 16.311772,
        "lat_c": 40.272958
      }
    },
    {
      "type": "Feature",
      "geometry": {
        "type": "LineString",
        "coordinates": [
          [
            16.331677111310057,
            40.27180899908173
          ],
          [
            16.33287384338888,
            40.269562587287666
          ],
          [
            16.33413906296628,
            40.26750459136823
          ]
        ]
      },
      "properties": {
        "tipo": "mule_track",
        "area_px": 1244,
        "lon_c": 16.332874,
        "lat_c": 40.269563
      }
    },
    {
      "type": "Feature",
      "geometry": {
        "type": "LineString",
        "coordinates": [
          [
            16.381587585795284,
            40.27048898071625
          ],
          [
            16.384436614201245,
            40.26914802976017
          ],
          [
            16.3873321396598,
            40.26761937557392
          ]
        ]
      },
      "properties": {
        "tipo": "mule_track",
        "area_px": 998,
        "lon_c": 16.384437,
        "lat_c": 40.269148
      }
    },
    {
      "type": "Feature",
      "geometry": {
        "type": "LineString",
        "coordinates": [
          [
            16.278111011638316,
            40.26962809917355
          ],
          [
            16.280480320965548,
            40.26857514539333
          ],
          [
            16.283631751715905,
            40.266873278236915
          ]
        ]
      },
      "properties": {
        "tipo": "mule_track",
        "area_px": 1125,
        "lon_c": 16.28048,
        "lat_c": 40.268575
      }
    },
    {
      "type": "Feature",
      "geometry": {
        "type": "LineString",
        "coordinates": [
          [
            16.416353327364966,
            40.26945592286501
          ],
          [
            16.420061057854287,
            40.26743913348074
          ],
          [
            16.424634437481348,
            40.264864554637285
          ]
        ]
      },
      "properties": {
        "tipo": "mule_track",
        "area_px": 2341,
        "lon_c": 16.420061,
        "lat_c": 40.267439
      }
    },
    {
      "type": "Feature",
      "geometry": {
        "type": "LineString",
        "coordinates": [
          [
            16.359280811698,
            40.26934113865932
          ],
          [
            16.360515970163625,
            40.26833185190789
          ],
          [
            16.361891972545507,
            40.26721763085399
          ]
        ]
      },
      "properties": {
        "tipo": "mule_track",
        "area_px": 437,
        "lon_c": 16.360516,
        "lat_c": 40.268332
      }
    },
    {
      "type": "Feature",
      "geometry": {
        "type": "LineString",
        "coordinates": [
          [
            16.308698895851983,
            40.26911157024794
          ],
          [
            16.313107299604777,
            40.26594345618043
          ],
          [
            16.316308564607578,
            40.2627984389348
          ]
        ]
      },
      "properties": {
        "tipo": "mule_track",
        "area_px": 2460,
        "lon_c": 16.313107,
        "lat_c": 40.265943
      }
    },
    {
      "type": "Feature",
      "geometry": {
        "type": "LineString",
        "coordinates": [
          [
            16.35234258430319,
            40.26830808080808
          ],
          [
            16.353867509114135,
            40.26746134893129
          ],
          [
            16.355028349746345,
            40.26664370982553
          ]
        ]
      },
      "properties": {
        "tipo": "mule_track",
        "area_px": 434,
        "lon_c": 16.353868,
        "lat_c": 40.267461
      }
    },
    {
      "type": "Feature",
      "geometry": {
        "type": "LineString",
        "coordinates": [
          [
            16.361593554162937,
            40.26738980716254
          ],
          [
            16.363132612649327,
            40.26638412520539
          ],
          [
            16.365249179349448,
            40.2653810835629
          ]
        ]
      },
      "properties": {
        "tipo": "mule_track",
        "area_px": 413,
        "lon_c": 16.363133,
        "lat_c": 40.266384
      }
    },
    {
      "type": "Feature",
      "geometry": {
        "type": "LineString",
        "coordinates": [
          [
            16.34913458669054,
            40.26733241505969
          ],
          [
            16.350107945287856,
            40.26602559427308
          ],
          [
            16.351148910772903,
            40.26474977043159
          ]
        ]
      },
      "properties": {
        "tipo": "mule_track",
        "area_px": 661,
        "lon_c": 16.350108,
        "lat_c": 40.266026
      }
    },
    {
      "type": "Feature",
      "geometry": {
        "type": "LineString",
        "coordinates": [
          [
            16.331677111310057,
            40.267160238751146
          ],
          [
            16.333223560027225,
            40.264404107658706
          ],
          [
            16.335556550283496,
            40.26216712580349
          ]
        ]
      },
      "properties": {
        "tipo": "mule_track",
        "area_px": 1577,
        "lon_c": 16.333224,
        "lat_c": 40.264404
      }
    },
    {
      "type": "Feature",
      "geometry": {
        "type": "LineString",
        "coordinates": [
          [
            16.376514473291554,
            40.266586317722684
          ],
          [
            16.37867668946011,
            40.265316164626896
          ],
          [
            16.38046851686064,
            40.26371671258035
          ]
        ]
      },
      "properties": {
        "tipo": "mule_track",
        "area_px": 793,
        "lon_c": 16.378677,
        "lat_c": 40.265316
      }
    },
    {
      "type": "Feature",
      "geometry": {
        "type": "LineString",
        "coordinates": [
          [
            16.355849000298416,
            40.266414141414145
          ],
          [
            16.35747961244003,
            40.26471033433753
          ],
          [
            16.35898239331543,
            40.26256887052342
          ]
        ]
      },
      "properties": {
        "tipo": "mule_track",
        "area_px": 684,
        "lon_c": 16.35748,
        "lat_c": 40.26471
      }
    },
    {
      "type": "Feature",
      "geometry": {
        "type": "LineString",
        "coordinates": [
          [
            16.44224112205312,
            40.266184573002754
          ],
          [
            16.444442939264004,
            40.26506958037311
          ],
          [
            16.446493584004774,
            40.264003673094585
          ]
        ]
      },
      "properties": {
        "tipo": "mule_track",
        "area_px": 608,
        "lon_c": 16.444443,
        "lat_c": 40.26507
      }
    },
    {
      "type": "Feature",
      "geometry": {
        "type": "LineString",
        "coordinates": [
          [
            16.39240525216353,
            40.265323691460054
          ],
          [
            16.394851603782275,
            40.26309126737512
          ],
          [
            16.39762757385855,
            40.26050275482093
          ]
        ]
      },
      "properties": {
        "tipo": "mule_track",
        "area_px": 1516,
        "lon_c": 16.394852,
        "lat_c": 40.263091
      }
    },
    {
      "type": "Feature",
      "geometry": {
        "type": "LineString",
        "coordinates": [
          [
            16.410310355117876,
            40.265151515151516
          ],
          [
            16.413281287230625,
            40.26328399278869
          ],
          [
            16.416129513578035,
            40.26153581267218
          ]
        ]
      },
      "properties": {
        "tipo": "mule_track",
        "area_px": 1171,
        "lon_c": 16.413281,
        "lat_c": 40.263284
      }
    },
    {
      "type": "Feature",
      "geometry": {
        "type": "LineString",
        "coordinates": [
          [
            16.446568188600416,
            40.26497933884298
          ],
          [
            16.447681238300643,
            40.26320468371734
          ],
          [
            16.44903014025664,
            40.26182277318641
          ]
        ]
      },
      "properties": {
        "tipo": "mule_track",
        "area_px": 880,
        "lon_c": 16.447681,
        "lat_c": 40.263205
      }
    },
    {
      "type": "Feature",
      "geometry": {
        "type": "LineString",
        "coordinates": [
          [
            16.366144434497166,
            40.264864554637285
          ],
          [
            16.3710609215529,
            40.261878842890575
          ],
          [
            16.376962100865413,
            40.25728879706153
          ]
        ]
      },
      "properties": {
        "tipo": "mule_track",
        "area_px": 4557,
        "lon_c": 16.371061,
        "lat_c": 40.261879
      }
    },
    {
      "type": "Feature",
      "geometry": {
        "type": "LineString",
        "coordinates": [
          [
            16.23886899433005,
            40.26463498622589
          ],
          [
            16.241529769071214,
            40.26352220141405
          ],
          [
            16.243345270068634,
            40.262454086317724
          ]
        ]
      },
      "properties": {
        "tipo": "mule_track",
        "area_px": 812,
        "lon_c": 16.24153,
        "lat_c": 40.263522
      }
    },
    {
      "type": "Feature",
      "geometry": {
        "type": "LineString",
        "coordinates": [
          [
            16.34965681886004,
            40.26440541781451
          ],
          [
            16.35083946708063,
            40.26333744407804
          ],
          [
            16.352118770516263,
            40.26239669421488
          ]
        ]
      },
      "properties": {
        "tipo": "mule_track",
        "area_px": 406,
        "lon_c": 16.350839,
        "lat_c": 40.263337
      }
    },
    {
      "type": "Feature",
      "geometry": {
        "type": "LineString",
        "coordinates": [
          [
            16.441047448522827,
            40.264462809917354
          ],
          [
            16.443404361217677,
            40.26358638899663
          ],
          [
            16.445374515070128,
            40.26251147842057
          ]
        ]
      },
      "properties": {
        "tipo": "mule_track",
        "area_px": 831,
        "lon_c": 16.443404,
        "lat_c": 40.263586
      }
    },
    {
      "type": "Feature",
      "geometry": {
        "type": "LineString",
        "coordinates": [
          [
            16.30623694419576,
            40.2627984389348
          ],
          [
            16.3073811121243,
            40.261908262119185
          ],
          [
            16.308475082065055,
            40.26096189164371
          ]
        ]
      },
      "properties": {
        "tipo": "mule_track",
        "area_px": 431,
        "lon_c": 16.307381,
        "lat_c": 40.261908
      }
    },
    {
      "type": "Feature",
      "geometry": {
        "type": "LineString",
        "coordinates": [
          [
            16.335108922709637,
            40.262741046831955
          ],
          [
            16.33715091014149,
            40.26073119268105
          ],
          [
            16.33973440763951,
            40.25895316804408
          ]
        ]
      },
      "properties": {
        "tipo": "mule_track",
        "area_px": 863,
        "lon_c": 16.337151,
        "lat_c": 40.260731
      }
    },
    {
      "type": "Feature",
      "geometry": {
        "type": "LineString",
        "coordinates": [
          [
            16.286093703372128,
            40.262281910009186
          ],
          [
            16.288971996804033,
            40.26030415913114
          ],
          [
            16.29198746642793,
            40.25826446280992
          ]
        ]
      },
      "properties": {
        "tipo": "mule_track",
        "area_px": 1147,
        "lon_c": 16.288972,
        "lat_c": 40.260304
      }
    },
    {
      "type": "Feature",
      "geometry": {
        "type": "LineString",
        "coordinates": [
          [
            16.391659206207102,
            40.260732323232325
          ],
          [
            16.39277933486612,
            40.25962401976897
          ],
          [
            16.39397194867204,
            40.2584940312213
          ]
        ]
      },
      "properties": {
        "tipo": "mule_track",
        "area_px": 704,
        "lon_c": 16.392779,
        "lat_c": 40.259624
      }
    },
    {
      "type": "Feature",
      "geometry": {
        "type": "LineString",
        "coordinates": [
          [
            16.37494777678305,
            40.26050275482093
          ],
          [
            16.376326812861034,
            40.2595874273819
          ],
          [
            16.377782751417488,
            40.258608815426996
          ]
        ]
      },
      "properties": {
        "tipo": "mule_track",
        "area_px": 487,
        "lon_c": 16.376327,
        "lat_c": 40.259587
      }
    },
    {
      "type": "Feature",
      "geometry": {
        "type": "LineString",
        "coordinates": [
          [
            16.27147120262608,
            40.25929752066116
          ],
          [
            16.27267556644904,
            40.258017484294164
          ],
          [
            16.274231572664874,
            40.256313131313135
          ]
        ]
      },
      "properties": {
        "tipo": "mule_track",
        "area_px": 656,
        "lon_c": 16.272676,
        "lat_c": 40.258017
      }
    },
    {
      "type": "Feature",
      "geometry": {
        "type": "LineString",
        "coordinates": [
          [
            16.301984482244105,
            40.25906795224977
          ],
          [
            16.303324719412643,
            40.2576700542932
          ],
          [
            16.305192479856757,
            40.256198347107436
          ]
        ]
      },
      "properties": {
        "tipo": "mule_track",
        "area_px": 846,
        "lon_c": 16.303325,
        "lat_c": 40.25767
      }
    },
    {
      "type": "Feature",
      "geometry": {
        "type": "LineString",
        "coordinates": [
          [
            16.321008654133095,
            40.257920110192835
          ],
          [
            16.32223726257695,
            40.2561029561166
          ],
          [
            16.324067442554462,
            40.25493572084481
          ]
        ]
      },
      "properties": {
        "tipo": "mule_track",
        "area_px": 583,
        "lon_c": 16.322237,
        "lat_c": 40.256103
      }
    },
    {
      "type": "Feature",
      "geometry": {
        "type": "LineString",
        "coordinates": [
          [
            16.36965085049239,
            40.25740358126722
          ],
          [
            16.372947161768515,
            40.256199395897134
          ],
          [
            16.375096985974334,
            40.254763544536274
          ]
        ]
      },
      "properties": {
        "tipo": "mule_track",
        "area_px": 985,
        "lon_c": 16.372947,
        "lat_c": 40.256199
      }
    },
    {
      "type": "Feature",
      "geometry": {
        "type": "LineString",
        "coordinates": [
          [
            16.392256042972246,
            40.257174012855835
          ],
          [
            16.399508986284243,
            40.25091960834561
          ],
          [
            16.40710235750522,
            40.2448347107438
          ]
        ]
      },
      "properties": {
        "tipo": "mule_track",
        "area_px": 5246,
        "lon_c": 16.399509,
        "lat_c": 40.25092
      }
    },
    {
      "type": "Feature",
      "geometry": {
        "type": "LineString",
        "coordinates": [
          [
            16.276245896747238,
            40.25671487603306
          ],
          [
            16.27796565739574,
            40.2552003525166
          ],
          [
            16.27967770814682,
            40.253041781450875
          ]
        ]
      },
      "properties": {
        "tipo": "mule_track",
        "area_px": 658,
        "lon_c": 16.277966,
        "lat_c": 40.2552
      }
    },
    {
      "type": "Feature",
      "geometry": {
        "type": "LineString",
        "coordinates": [
          [
            16.377260519247987,
            40.25671487603306
          ],
          [
            16.37933292758535,
            40.255747790768304
          ],
          [
            16.38151298119964,
            40.254763544536274
          ]
        ]
      },
      "properties": {
        "tipo": "mule_track",
        "area_px": 709,
        "lon_c": 16.379333,
        "lat_c": 40.255748
      }
    },
    {
      "type": "Feature",
      "geometry": {
        "type": "LineString",
        "coordinates": [
          [
            16.2728886899433,
            40.25637052341598
          ],
          [
            16.274054939136168,
            40.25541025554884
          ],
          [
            16.275201432408235,
            40.254361799816344
          ]
        ]
      },
      "properties": {
        "tipo": "mule_track",
        "area_px": 574,
        "lon_c": 16.274055,
        "lat_c": 40.25541
      }
    },
    {
      "type": "Feature",
      "geometry": {
        "type": "LineString",
        "coordinates": [
          [
            16.372858848105043,
            40.25510789715335
          ],
          [
            16.374419222190188,
            40.253766964716505
          ],
          [
            16.37636526410027,
            40.2525826446281
          ]
        ]
      },
      "properties": {
        "tipo": "mule_track",
        "area_px": 826,
        "lon_c": 16.374419,
        "lat_c": 40.253767
      }
    },
    {
      "type": "Feature",
      "geometry": {
        "type": "LineString",
        "coordinates": [
          [
            16.28840644583706,
            40.25424701561065
          ],
          [
            16.295580764985917,
            40.25053601740083
          ],
          [
            16.301686063861535,
            40.24724517906336
          ]
        ]
      },
      "properties": {
        "tipo": "mule_track",
        "area_px": 3743,
        "lon_c": 16.295581,
        "lat_c": 40.250536
      }
    },
    {
      "type": "Feature",
      "geometry": {
        "type": "LineString",
        "coordinates": [
          [
            16.378379588182632,
            40.253902662993575
          ],
          [
            16.380340657030935,
            40.25287384743082
          ],
          [
            16.38225902715607,
            40.25137741046832
          ]
        ]
      },
      "properties": {
        "tipo": "mule_track",
        "area_px": 947,
        "lon_c": 16.380341,
        "lat_c": 40.252874
      }
    },
    {
      "type": "Feature",
      "geometry": {
        "type": "LineString",
        "coordinates": [
          [
            16.332870784840345,
            40.25373048668503
          ],
          [
            16.334259408223097,
            40.25079216471202
          ],
          [
            16.336974037600715,
            40.24776170798898
          ]
        ]
      },
      "properties": {
        "tipo": "mule_track",
        "area_px": 1419,
        "lon_c": 16.334259,
        "lat_c": 40.250792
      }
    },
    {
      "type": "Feature",
      "geometry": {
        "type": "LineString",
        "coordinates": [
          [
            16.346150402864815,
            40.25373048668503
          ],
          [
            16.34745185622583,
            40.25202936033449
          ],
          [
            16.348761563712323,
            40.25074609733701
          ]
        ]
      },
      "properties": {
        "tipo": "mule_track",
        "area_px": 470,
        "lon_c": 16.347452,
        "lat_c": 40.252029
      }
    },
    {
      "type": "Feature",
      "geometry": {
        "type": "LineString",
        "coordinates": [
          [
            16.323619814980603,
            40.25338613406795
          ],
          [
            16.325320724148497,
            40.252661849607875
          ],
          [
            16.326529394210684,
            40.25189393939394
          ]
        ]
      },
      "properties": {
        "tipo": "mule_track",
        "area_px": 592,
        "lon_c": 16.325321,
        "lat_c": 40.252662
      }
    },
    {
      "type": "Feature",
      "geometry": {
        "type": "LineString",
        "coordinates": [
          [
            16.266248880931066,
            40.25315656565657
          ],
          [
            16.269442776208418,
            40.25069260203636
          ],
          [
            16.272963294538943,
            40.24776170798898
          ]
        ]
      },
      "properties": {
        "tipo": "mule_track",
        "area_px": 1841,
        "lon_c": 16.269443,
        "lat_c": 40.250693
      }
    },
    {
      "type": "Feature",
      "geometry": {
        "type": "LineString",
        "coordinates": [
          [
            16.2458818263205,
            40.252640036730945
          ],
          [
            16.247521983572245,
            40.25080564042156
          ],
          [
            16.249388242315725,
            40.24862258953168
          ]
        ]
      },
      "properties": {
        "tipo": "mule_track",
        "area_px": 1174,
        "lon_c": 16.247522,
        "lat_c": 40.250806
      }
    },
    {
      "type": "Feature",
      "geometry": {
        "type": "LineString",
        "coordinates": [
          [
            16.373157266487613,
            40.25252525252525
          ],
          [
            16.37474120065685,
            40.25166479532342
          ],
          [
            16.376290659504626,
            40.25080348943985
          ]
        ]
      },
      "properties": {
        "tipo": "mule_track",
        "area_px": 541,
        "lon_c": 16.374741,
        "lat_c": 40.251665
      }
    },
    {
      "type": "Feature",
      "geometry": {
        "type": "LineString",
        "coordinates": [
          [
            16.216562220232767,
            40.25097566574839
          ],
          [
            16.2178888458335,
            40.249909371873414
          ],
          [
            16.219397194867202,
            40.248679981634524
          ]
        ]
      },
      "properties": {
        "tipo": "mule_track",
        "area_px": 670,
        "lon_c": 16.217889,
        "lat_c": 40.249909
      }
    },
    {
      "type": "Feature",
      "geometry": {
        "type": "LineString",
        "coordinates": [
          [
            16.220441659206205,
            40.25028696051423
          ],
          [
            16.223971989551266,
            40.247512170270575
          ],
          [
            16.227379886601014,
            40.24449035812672
          ]
        ]
      },
      "properties": {
        "tipo": "mule_track",
        "area_px": 1825,
        "lon_c": 16.223972,
        "lat_c": 40.247512
      }
    },
    {
      "type": "Feature",
      "geometry": {
        "type": "LineString",
        "coordinates": [
          [
            16.41411518949567,
            40.249942607897154
          ],
          [
            16.41527668065137,
            40.248488879231466
          ],
          [
            16.41642793196061,
            40.247073002754824
          ]
        ]
      },
      "properties": {
        "tipo": "mule_track",
        "area_px": 561,
        "lon_c": 16.415277,
        "lat_c": 40.248489
      }
    },
    {
      "type": "Feature",
      "geometry": {
        "type": "LineString",
        "coordinates": [
          [
            16.244016711429424,
            40.249081726354454
          ],
          [
            16.245088834786852,
            40.24809789459543
          ],
          [
            16.246254849298715,
            40.24690082644628
          ]
        ]
      },
      "properties": {
        "tipo": "mule_track",
        "area_px": 499,
        "lon_c": 16.245089,
        "lat_c": 40.248098
      }
    },
    {
      "type": "Feature",
      "geometry": {
        "type": "LineString",
        "coordinates": [
          [
            16.37569382273948,
            40.248909550045916
          ],
          [
            16.376866754671855,
            40.24749337693462
          ],
          [
            16.3781557743957,
            40.245638200183656
          ]
        ]
      },
      "properties": {
        "tipo": "mule_track",
        "area_px": 687,
        "lon_c": 16.376867,
        "lat_c": 40.247493
      }
    },
    {
      "type": "Feature",
      "geometry": {
        "type": "LineString",
        "coordinates": [
          [
            16.31727842435094,
            40.24856519742883
          ],
          [
            16.318161600659362,
            40.247249825090734
          ],
          [
            16.319367353028944,
            40.24598255280073
          ]
        ]
      },
      "properties": {
        "tipo": "mule_track",
        "area_px": 420,
        "lon_c": 16.318162,
        "lat_c": 40.24725
      }
    },
    {
      "type": "Feature",
      "geometry": {
        "type": "LineString",
        "coordinates": [
          [
            16.26348851089227,
            40.24810606060606
          ],
          [
            16.26536089065034,
            40.24669561922711
          ],
          [
            16.266994926887495,
            40.2456955922865
          ]
        ]
      },
      "properties": {
        "tipo": "mule_track",
        "area_px": 801,
        "lon_c": 16.265361,
        "lat_c": 40.246696
      }
    },
    {
      "type": "Feature",
      "geometry": {
        "type": "LineString",
        "coordinates": [
          [
            16.36748731721874,
            40.24810606060606
          ],
          [
            16.36864497473734,
            40.24686193834901
          ],
          [
            16.36987466427932,
            40.24546602387512
          ]
        ]
      },
      "properties": {
        "tipo": "mule_track",
        "area_px": 580,
        "lon_c": 16.368645,
        "lat_c": 40.246862
      }
    },
    {
      "type": "Feature",
      "geometry": {
        "type": "LineString",
        "coordinates": [
          [
            16.2869143539242,
            40.24770431588613
          ],
          [
            16.28812580237493,
            40.24655059980525
          ],
          [
            16.28952551477171,
            40.245236455463726
          ]
        ]
      },
      "properties": {
        "tipo": "mule_track",
        "area_px": 596,
        "lon_c": 16.288126,
        "lat_c": 40.246551
      }
    },
    {
      "type": "Feature",
      "geometry": {
        "type": "LineString",
        "coordinates": [
          [
            16.435452103849595,
            40.247646923783286
          ],
          [
            16.436675584356184,
            40.24694360233602
          ],
          [
            16.43813786929275,
            40.246097337006425
          ]
        ]
      },
      "properties": {
        "tipo": "mule_track",
        "area_px": 428,
        "lon_c": 16.436676,
        "lat_c": 40.246944
      }
    },
    {
      "type": "Feature",
      "geometry": {
        "type": "LineString",
        "coordinates": [
          [
            16.371515965383466,
            40.247073002754824
          ],
          [
            16.372573873322875,
            40.24567058978625
          ],
          [
            16.373679498657115,
            40.24414600550964
          ]
        ]
      },
      "properties": {
        "tipo": "mule_track",
        "area_px": 505,
        "lon_c": 16.372574,
        "lat_c": 40.245671
      }
    },
    {
      "type": "Feature",
      "geometry": {
        "type": "LineString",
        "coordinates": [
          [
            16.232527603700387,
            40.24701561065197
          ],
          [
            16.240079510882026,
            40.238656096907484
          ],
          [
            16.24558340793793,
            40.22905188246097
          ]
        ]
      },
      "properties": {
        "tipo": "mule_track",
        "area_px": 10604,
        "lon_c": 16.24008,
        "lat_c": 40.238656
      }
    },
    {
      "type": "Feature",
      "geometry": {
        "type": "LineString",
        "coordinates": [
          [
            16.359430020889285,
            40.24672865013774
          ],
          [
            16.360436479113527,
            40.24517234956772
          ],
          [
            16.361518949567294,
            40.243801652892564
          ]
        ]
      },
      "properties": {
        "tipo": "mule_track",
        "area_px": 530,
        "lon_c": 16.360436,
        "lat_c": 40.245172
      }
    },
    {
      "type": "Feature",
      "geometry": {
        "type": "LineString",
        "coordinates": [
          [
            16.4094897045658,
            40.246671258034894
          ],
          [
            16.413712945760587,
            40.24532165136364
          ],
          [
            16.41784541927783,
            40.24357208448117
          ]
        ]
      },
      "properties": {
        "tipo": "mule_track",
        "area_px": 1994,
        "lon_c": 16.413713,
        "lat_c": 40.245322
      }
    },
    {
      "type": "Feature",
      "geometry": {
        "type": "LineString",
        "coordinates": [
          [
            16.332870784840345,
            40.24603994490358
          ],
          [
            16.335511133212375,
            40.24350914069168
          ],
          [
            16.338615338704862,
            40.24058769513315
          ]
        ]
      },
      "properties": {
        "tipo": "mule_track",
        "area_px": 2326,
        "lon_c": 16.335511,
        "lat_c": 40.243509
      }
    },
    {
      "type": "Feature",
      "geometry": {
        "type": "LineString",
        "coordinates": [
          [
            16.33921217547001,
            40.2456955922865
          ],
          [
            16.34182668933305,
            40.24436041982646
          ],
          [
            16.344359892569383,
            40.24288337924702
          ]
        ]
      },
      "properties": {
        "tipo": "mule_track",
        "area_px": 712,
        "lon_c": 16.341827,
        "lat_c": 40.24436
      }
    },
    {
      "type": "Feature",
      "geometry": {
        "type": "LineString",
        "coordinates": [
          [
            16.216562220232767,
            40.24529384756657
          ],
          [
            16.218545673447966,
            40.243586102667216
          ],
          [
            16.22074007758878,
            40.241678145087235
          ]
        ]
      },
      "properties": {
        "tipo": "mule_track",
        "area_px": 1044,
        "lon_c": 16.218546,
        "lat_c": 40.243586
      }
    },
    {
      "type": "Feature",
      "geometry": {
        "type": "LineString",
        "coordinates": [
          [
            16.432990152193373,
            40.2448347107438
          ],
          [
            16.4344011292039,
            40.24409619349585
          ],
          [
            16.43582512682781,
            40.24328512396694
          ]
        ]
      },
      "properties": {
        "tipo": "mule_track",
        "area_px": 424,
        "lon_c": 16.434401,
        "lat_c": 40.244096
      }
    },
    {
      "type": "Feature",
      "geometry": {
        "type": "LineString",
        "coordinates": [
          [
            16.3722620113399,
            40.24403122130395
          ],
          [
            16.37334965997578,
            40.243150750839916
          ],
          [
            16.374276335422262,
            40.241219008264466
          ]
        ]
      },
      "properties": {
        "tipo": "mule_track",
        "area_px": 501,
        "lon_c": 16.37335,
        "lat_c": 40.243151
      }
    },
    {
      "type": "Feature",
      "geometry": {
        "type": "LineString",
        "coordinates": [
          [
            16.359206207102357,
            40.24362947658402
          ],
          [
            16.36020679605141,
            40.2428191607707
          ],
          [
            16.36144434497165,
            40.24202249770432
          ]
        ]
      },
      "properties": {
        "tipo": "mule_track",
        "area_px": 454,
        "lon_c": 16.360207,
        "lat_c": 40.242819
      }
    },
    {
      "type": "Feature",
      "geometry": {
        "type": "LineString",
        "coordinates": [
          [
            16.285273052820052,
            40.24317033976125
          ],
          [
            16.286261875141527,
            40.242159110075285
          ],
          [
            16.287287376902416,
            40.24127640036731
          ]
        ]
      },
      "properties": {
        "tipo": "mule_track",
        "area_px": 539,
        "lon_c": 16.286262,
        "lat_c": 40.242159
      }
    },
    {
      "type": "Feature",
      "geometry": {
        "type": "LineString",
        "coordinates": [
          [
            16.413965980304386,
            40.24305555555556
          ],
          [
            16.415057072515665,
            40.24212771655954
          ],
          [
            16.416204118173678,
            40.24133379247016
          ]
        ]
      },
      "properties": {
        "tipo": "mule_track",
        "area_px": 408,
        "lon_c": 16.415057,
        "lat_c": 40.242128
      }
    },
    {
      "type": "Feature",
      "geometry": {
        "type": "LineString",
        "coordinates": [
          [
            16.31794986571173,
            40.24271120293847
          ],
          [
            16.319227826561775,
            40.24174957993865
          ],
          [
            16.32071023575052,
            40.24070247933884
          ]
        ]
      },
      "properties": {
        "tipo": "mule_track",
        "area_px": 470,
        "lon_c": 16.319228,
        "lat_c": 40.24175
      }
    },
    {
      "type": "Feature",
      "geometry": {
        "type": "LineString",
        "coordinates": [
          [
            16.349582214264398,
            40.24156336088154
          ],
          [
            16.351044865107493,
            40.2399990703428
          ],
          [
            16.352566398090122,
            40.238578971533514
          ]
        ]
      },
      "properties": {
        "tipo": "mule_track",
        "area_px": 484,
        "lon_c": 16.351045,
        "lat_c": 40.239999
      }
    },
    {
      "type": "Feature",
      "geometry": {
        "type": "LineString",
        "coordinates": [
          [
            16.360399880632645,
            40.24133379247016
          ],
          [
            16.361599026382667,
            40.239993006302186
          ],
          [
            16.362787227693225,
            40.238808539944905
          ]
        ]
      },
      "properties": {
        "tipo": "mule_track",
        "area_px": 409,
        "lon_c": 16.361599,
        "lat_c": 40.239993
      }
    },
    {
      "type": "Feature",
      "geometry": {
        "type": "LineString",
        "coordinates": [
          [
            16.414339003282603,
            40.241391184573004
          ],
          [
            16.415373234247866,
            40.24033882672258
          ],
          [
            16.41650253655625,
            40.23886593204775
          ]
        ]
      },
      "properties": {
        "tipo": "mule_track",
        "area_px": 452,
        "lon_c": 16.415373,
        "lat_c": 40.240339
      }
    },
    {
      "type": "Feature",
      "geometry": {
        "type": "LineString",
        "coordinates": [
          [
            16.319964189794092,
            40.241104224058766
          ],
          [
            16.32156296753681,
            40.23995173643533
          ],
          [
            16.323246792002386,
            40.23875114784206
          ]
        ]
      },
      "properties": {
        "tipo": "mule_track",
        "area_px": 593,
        "lon_c": 16.321563,
        "lat_c": 40.239952
      }
    },
    {
      "type": "Feature",
      "geometry": {
        "type": "LineString",
        "coordinates": [
          [
            16.33301999403163,
            40.24116161616162
          ],
          [
            16.334089863292892,
            40.240364733006984
          ],
          [
            16.335183527305283,
            40.239095500459136
          ]
        ]
      },
      "properties": {
        "tipo": "mule_track",
        "area_px": 417,
        "lon_c": 16.33409,
        "lat_c": 40.240365
      }
    },
    {
      "type": "Feature",
      "geometry": {
        "type": "LineString",
        "coordinates": [
          [
            16.281169800059683,
            40.24104683195592
          ],
          [
            16.28414721002774,
            40.239199011849074
          ],
          [
            16.286988958519846,
            40.23731634527089
          ]
        ]
      },
      "properties": {
        "tipo": "mule_track",
        "area_px": 1619,
        "lon_c": 16.284147,
        "lat_c": 40.239199
      }
    },
    {
      "type": "Feature",
      "geometry": {
        "type": "LineString",
        "coordinates": [
          [
            16.331005669949267,
            40.23932506887052
          ],
          [
            16.332681762030695,
            40.2384974540147
          ],
          [
            16.334512085944493,
            40.23760330578512
          ]
        ]
      },
      "properties": {
        "tipo": "mule_track",
        "area_px": 609,
        "lon_c": 16.332682,
        "lat_c": 40.238497
      }
    },
    {
      "type": "Feature",
      "geometry": {
        "type": "LineString",
        "coordinates": [
          [
            16.278484034616532,
            40.23863636363636
          ],
          [
            16.27985526708445,
            40.23765668044077
          ],
          [
            16.281244404655325,
            40.236685032139576
          ]
        ]
      },
      "properties": {
        "tipo": "mule_track",
        "area_px": 600,
        "lon_c": 16.279855,
        "lat_c": 40.237657
      }
    },
    {
      "type": "Feature",
      "geometry": {
        "type": "LineString",
        "coordinates": [
          [
            16.39427036705461,
            40.23863636363636
          ],
          [
            16.395187276816568,
            40.23761916563064
          ],
          [
            16.396284691136973,
            40.23662764003673
          ]
        ]
      },
      "properties": {
        "tipo": "mule_track",
        "area_px": 503,
        "lon_c": 16.395187,
        "lat_c": 40.237619
      }
    },
    {
      "type": "Feature",
      "geometry": {
        "type": "LineString",
        "coordinates": [
          [
            16.338913757087436,
            40.238119834710744
          ],
          [
            16.341469361321167,
            40.23609626500164
          ],
          [
            16.344509101760668,
            40.23444674012856
          ]
        ]
      },
      "properties": {
        "tipo": "mule_track",
        "area_px": 893,
        "lon_c": 16.341469,
        "lat_c": 40.236096
      }
    },
    {
      "type": "Feature",
      "geometry": {
        "type": "LineString",
        "coordinates": [
          [
            16.381065353625782,
            40.237947658402206
          ],
          [
            16.382432646849,
            40.23718759447984
          ],
          [
            16.38382572366458,
            40.23622589531681
          ]
        ]
      },
      "properties": {
        "tipo": "mule_track",
        "area_px": 489,
        "lon_c": 16.382433,
        "lat_c": 40.237188
      }
    },
    {
      "type": "Feature",
      "geometry": {
        "type": "LineString",
        "coordinates": [
          [
            16.330110414801553,
            40.23766069788797
          ],
          [
            16.33212941705988,
            40.23643677499063
          ],
          [
            16.334810504327066,
            40.23519283746556
          ]
        ]
      },
      "properties": {
        "tipo": "mule_track",
        "area_px": 909,
        "lon_c": 16.332129,
        "lat_c": 40.236437
      }
    },
    {
      "type": "Feature",
      "geometry": {
        "type": "LineString",
        "coordinates": [
          [
            16.424634437481348,
            40.2372015610652
          ],
          [
            16.426437238955376,
            40.23584460065651
          ],
          [
            16.42829006266786,
            40.23450413223141
          ]
        ]
      },
      "properties": {
        "tipo": "mule_track",
        "area_px": 783,
        "lon_c": 16.426437,
        "lat_c": 40.235845
      }
    },
    {
      "type": "Feature",
      "geometry": {
        "type": "LineString",
        "coordinates": [
          [
            16.271769621008655,
            40.237086776859506
          ],
          [
            16.275709198519213,
            40.23526049762079
          ],
          [
            16.27937928976425,
            40.23278236914601
          ]
        ]
      },
      "properties": {
        "tipo": "mule_track",
        "area_px": 2001,
        "lon_c": 16.275709,
        "lat_c": 40.23526
      }
    },
    {
      "type": "Feature",
      "geometry": {
        "type": "LineString",
        "coordinates": [
          [
            16.418591465234257,
            40.23714416896235
          ],
          [
            16.419877561868525,
            40.236284952815495
          ],
          [
            16.421128021486123,
            40.23542240587695
          ]
        ]
      },
      "properties": {
        "tipo": "mule_track",
        "area_px": 448,
        "lon_c": 16.419878,
        "lat_c": 40.236285
      }
    },
    {
      "type": "Feature",
      "geometry": {
        "type": "LineString",
        "coordinates": [
          [
            16.313100566994926,
            40.23691460055096
          ],
          [
            16.31612358871907,
            40.235126487075654
          ],
          [
            16.31921814383766,
            40.233585858585855
          ]
        ]
      },
      "properties": {
        "tipo": "mule_track",
        "area_px": 1166,
        "lon_c": 16.316124,
        "lat_c": 40.235126
      }
    },
    {
      "type": "Feature",
      "geometry": {
        "type": "LineString",
        "coordinates": [
          [
            16.287511190689347,
            40.235996326905415
          ],
          [
            16.288856875461462,
            40.23490574222809
          ],
          [
            16.290122351536855,
            40.233700642791554
          ]
        ]
      },
      "properties": {
        "tipo": "mule_track",
        "area_px": 426,
        "lon_c": 16.288857,
        "lat_c": 40.234906
      }
    },
    {
      "type": "Feature",
      "geometry": {
        "type": "LineString",
        "coordinates": [
          [
            16.261847209788122,
            40.23542240587695
          ],
          [
            16.26423754103253,
            40.23361516231837
          ],
          [
            16.266696508504925,
            40.23163452708907
          ]
        ]
      },
      "properties": {
        "tipo": "mule_track",
        "area_px": 850,
        "lon_c": 16.264238,
        "lat_c": 40.233615
      }
    },
    {
      "type": "Feature",
      "geometry": {
        "type": "LineString",
        "coordinates": [
          [
            16.344210683378094,
            40.23519283746556
          ],
          [
            16.345642228948883,
            40.23445349936979
          ],
          [
            16.347194867203818,
            40.23335629017447
          ]
        ]
      },
      "properties": {
        "tipo": "mule_track",
        "area_px": 467,
        "lon_c": 16.345642,
        "lat_c": 40.234453
      }
    },
    {
      "type": "Feature",
      "geometry": {
        "type": "LineString",
        "coordinates": [
          [
            16.43306475678902,
            40.23479109274564
          ],
          [
            16.435254378210576,
            40.23306687515521
          ],
          [
            16.43724261414503,
            40.23065886134068
          ]
        ]
      },
      "properties": {
        "tipo": "mule_track",
        "area_px": 795,
        "lon_c": 16.435254,
        "lat_c": 40.233067
      }
    },
    {
      "type": "Feature",
      "geometry": {
        "type": "LineString",
        "coordinates": [
          [
            16.34309161444345,
            40.23410238751148
          ],
          [
            16.34479406205932,
            40.23261953312087
          ],
          [
            16.34674723962996,
            40.23106060606061
          ]
        ]
      },
      "properties": {
        "tipo": "mule_track",
        "area_px": 510,
        "lon_c": 16.344794,
        "lat_c": 40.23262
      }
    },
    {
      "type": "Feature",
      "geometry": {
        "type": "LineString",
        "coordinates": [
          [
            16.439779170396896,
            40.23415977961432
          ],
          [
            16.441207148985377,
            40.233001945182345
          ],
          [
            16.44276335422262,
            40.23174931129476
          ]
        ]
      },
      "properties": {
        "tipo": "mule_track",
        "area_px": 448,
        "lon_c": 16.441207,
        "lat_c": 40.233002
      }
    },
    {
      "type": "Feature",
      "geometry": {
        "type": "LineString",
        "coordinates": [
          [
            16.410384959713518,
            40.233700642791554
          ],
          [
            16.412087141671645,
            40.23266118308148
          ],
          [
            16.4138167711131,
            40.23169191919192
          ]
        ]
      },
      "properties": {
        "tipo": "mule_track",
        "area_px": 511,
        "lon_c": 16.412087,
        "lat_c": 40.232661
      }
    },
    {
      "type": "Feature",
      "geometry": {
        "type": "LineString",
        "coordinates": [
          [
            16.41598030438675,
            40.2328971533517
          ],
          [
            16.417135015798003,
            40.23193089614475
          ],
          [
            16.418293046851684,
            40.23094582185491
          ]
        ]
      },
      "properties": {
        "tipo": "mule_track",
        "area_px": 427,
        "lon_c": 16.417135,
        "lat_c": 40.231931
      }
    },
    {
      "type": "Feature",
      "geometry": {
        "type": "LineString",
        "coordinates": [
          [
            16.40202924500149,
            40.232036271809
          ],
          [
            16.404116377251558,
            40.230869000980704
          ],
          [
            16.406729334527007,
            40.22991276400367
          ]
        ]
      },
      "properties": {
        "tipo": "mule_track",
        "area_px": 706,
        "lon_c": 16.404116,
        "lat_c": 40.230869
      }
    },
    {
      "type": "Feature",
      "geometry": {
        "type": "LineString",
        "coordinates": [
          [
            16.41821844225604,
            40.231864095500455
          ],
          [
            16.419506012347938,
            40.22981385862571
          ],
          [
            16.420680393912264,
            40.22842056932966
          ]
        ]
      },
      "properties": {
        "tipo": "mule_track",
        "area_px": 553,
        "lon_c": 16.419506,
        "lat_c": 40.229814
      }
    },
    {
      "type": "Feature",
      "geometry": {
        "type": "LineString",
        "coordinates": [
          [
            16.31780065652044,
            40.231117998163455
          ],
          [
            16.320306583998292,
            40.229674292991014
          ],
          [
            16.323246792002386,
            40.22842056932966
          ]
        ]
      },
      "properties": {
        "tipo": "mule_track",
        "area_px": 967,
        "lon_c": 16.320307,
        "lat_c": 40.229674
      }
    },
    {
      "type": "Feature",
      "geometry": {
        "type": "LineString",
        "coordinates": [
          [
            16.41314532975231,
            40.23106060606061
          ],
          [
            16.414512498279027,
            40.22946787440081
          ],
          [
            16.415681886004176,
            40.22824839302112
          ]
        ]
      },
      "properties": {
        "tipo": "mule_track",
        "area_px": 427,
        "lon_c": 16.414512,
        "lat_c": 40.229468
      }
    },
    {
      "type": "Feature",
      "geometry": {
        "type": "LineString",
        "coordinates": [
          [
            16.4229931363772,
            40.23094582185491
          ],
          [
            16.425325367039157,
            40.22897844170336
          ],
          [
            16.428140853476574,
            40.226756198347104
          ]
        ]
      },
      "properties": {
        "tipo": "mule_track",
        "area_px": 869,
        "lon_c": 16.425325,
        "lat_c": 40.228978
      }
    },
    {
      "type": "Feature",
      "geometry": {
        "type": "LineString",
        "coordinates": [
          [
            16.265502834974633,
            40.23083103764922
          ],
          [
            16.26838906350337,
            40.22632763654244
          ],
          [
            16.271545807221724,
            40.2217056932966
          ]
        ]
      },
      "properties": {
        "tipo": "mule_track",
        "area_px": 2917,
        "lon_c": 16.268389,
        "lat_c": 40.226328
      }
    },
    {
      "type": "Feature",
      "geometry": {
        "type": "LineString",
        "coordinates": [
          [
            16.232229185317816,
            40.229568411386595
          ],
          [
            16.23614247017881,
            40.22627086903937
          ],
          [
            16.240286481647267,
            40.22365702479339
          ]
        ]
      },
      "properties": {
        "tipo": "mule_track",
        "area_px": 3324,
        "lon_c": 16.236142,
        "lat_c": 40.226271
      }
    },
    {
      "type": "Feature",
      "geometry": {
        "type": "LineString",
        "coordinates": [
          [
            16.33951059385258,
            40.22928145087236
          ],
          [
            16.340565512338745,
            40.22832296619934
          ],
          [
            16.341748731721875,
            40.22721533516988
          ]
        ]
      },
      "properties": {
        "tipo": "mule_track",
        "area_px": 471,
        "lon_c": 16.340566,
        "lat_c": 40.228323
      }
    },
    {
      "type": "Feature",
      "geometry": {
        "type": "LineString",
        "coordinates": [
          [
            16.344210683378094,
            40.229166666666664
          ],
          [
            16.345565094403632,
            40.228299070374625
          ],
          [
            16.346896448821248,
            40.22704315886134
          ]
        ]
      },
      "properties": {
        "tipo": "mule_track",
        "area_px": 453,
        "lon_c": 16.345565,
        "lat_c": 40.228299
      }
    },
    {
      "type": "Feature",
      "geometry": {
        "type": "LineString",
        "coordinates": [
          [
            16.41090719188302,
            40.228133608815426
          ],
          [
            16.41247166360239,
            40.22724648436288
          ],
          [
            16.413965980304386,
            40.22618227731864
          ]
        ]
      },
      "properties": {
        "tipo": "mule_track",
        "area_px": 503,
        "lon_c": 16.412472,
        "lat_c": 40.227246
      }
    },
    {
      "type": "Feature",
      "geometry": {
        "type": "LineString",
        "coordinates": [
          [
            16.253193076693524,
            40.22778925619835
          ],
          [
            16.254586916337278,
            40.22700571902329
          ],
          [
            16.255953446732317,
            40.22618227731864
          ]
        ]
      },
      "properties": {
        "tipo": "mule_track",
        "area_px": 489,
        "lon_c": 16.254587,
        "lat_c": 40.227006
      }
    },
    {
      "type": "Feature",
      "geometry": {
        "type": "LineString",
        "coordinates": [
          [
            16.215368546702475,
            40.22606749311295
          ],
          [
            16.22115765507094,
            40.22308816943313
          ],
          [
            16.2275290957923,
            40.21981175390266
          ]
        ]
      },
      "properties": {
        "tipo": "mule_track",
        "area_px": 5087,
        "lon_c": 16.221158,
        "lat_c": 40.223088
      }
    },
    {
      "type": "Feature",
      "geometry": {
        "type": "LineString",
        "coordinates": [
          [
            16.441718889883617,
            40.226010101010104
          ],
          [
            16.44274228139834,
            40.22510333193187
          ],
          [
            16.44395702775291,
            40.22394398530762
          ]
        ]
      },
      "properties": {
        "tipo": "mule_track",
        "area_px": 439,
        "lon_c": 16.442742,
        "lat_c": 40.225103
      }
    },
    {
      "type": "Feature",
      "geometry": {
        "type": "LineString",
        "coordinates": [
          [
            16.20798269173381,
            40.225034435261705
          ],
          [
            16.21185269864173,
            40.22335384375417
          ],
          [
            16.215816174276334,
            40.221303948576676
          ]
        ]
      },
      "properties": {
        "tipo": "mule_track",
        "area_px": 2452,
        "lon_c": 16.211853,
        "lat_c": 40.223354
      }
    },
    {
      "type": "Feature",
      "geometry": {
        "type": "LineString",
        "coordinates": [
          [
            16.351447329155476,
            40.222681359045
          ],
          [
            16.354959784193614,
            40.21917325915084
          ],
          [
            16.360176066845717,
            40.21539256198347
          ]
        ]
      },
      "properties": {
        "tipo": "mule_track",
        "area_px": 2829,
        "lon_c": 16.35496,
        "lat_c": 40.219173
      }
    },
    {
      "type": "Feature",
      "geometry": {
        "type": "LineString",
        "coordinates": [
          [
            16.208131900925096,
            40.22205004591368
          ],
          [
            16.209731226322813,
            40.22048836626777
          ],
          [
            16.211339898537748,
            40.218893480257115
          ]
        ]
      },
      "properties": {
        "tipo": "mule_track",
        "area_px": 878,
        "lon_c": 16.209731,
        "lat_c": 40.220488
      }
    },
    {
      "type": "Feature",
      "geometry": {
        "type": "LineString",
        "coordinates": [
          [
            16.229095792300804,
            40.22164830119375
          ],
          [
            16.230693553264686,
            40.220444314688386
          ],
          [
            16.23215458072217,
            40.218893480257115
          ]
        ]
      },
      "properties": {
        "tipo": "mule_track",
        "area_px": 598,
        "lon_c": 16.230694,
        "lat_c": 40.220444
      }
    },
    {
      "type": "Feature",
      "geometry": {
        "type": "LineString",
        "coordinates": [
          [
            16.261921814383765,
            40.221476124885214
          ],
          [
            16.264343130733916,
            40.21999657473815
          ],
          [
            16.267218740674426,
            40.21854912764004
          ]
        ]
      },
      "properties": {
        "tipo": "mule_track",
        "area_px": 817,
        "lon_c": 16.264343,
        "lat_c": 40.219997
      }
    },
    {
      "type": "Feature",
      "geometry": {
        "type": "LineString",
        "coordinates": [
          [
            16.328991345866903,
            40.22021349862259
          ],
          [
            16.331638899200094,
            40.21910518712625
          ],
          [
            16.335034318113994,
            40.21786042240588
          ]
        ]
      },
      "properties": {
        "tipo": "mule_track",
        "area_px": 1025,
        "lon_c": 16.331639,
        "lat_c": 40.219105
      }
    },
    {
      "type": "Feature",
      "geometry": {
        "type": "LineString",
        "coordinates": [
          [
            16.220963891375707,
            40.22009871441689
          ],
          [
            16.222867574700043,
            40.21673709561794
          ],
          [
            16.225216353327365,
            40.21303948576676
          ]
        ]
      },
      "properties": {
        "tipo": "mule_track",
        "area_px": 1915,
        "lon_c": 16.222868,
        "lat_c": 40.216737
      }
    },
    {
      "type": "Feature",
      "geometry": {
        "type": "LineString",
        "coordinates": [
          [
            16.332870784840345,
            40.218606519742885
          ],
          [
            16.334159882853434,
            40.21773696264975
          ],
          [
            16.335705759474784,
            40.216884756657485
          ]
        ]
      },
      "properties": {
        "tipo": "mule_track",
        "area_px": 430,
        "lon_c": 16.33416,
        "lat_c": 40.217737
      }
    },
    {
      "type": "Feature",
      "geometry": {
        "type": "LineString",
        "coordinates": [
          [
            16.39285287973739,
            40.21757346189164
          ],
          [
            16.394489173821697,
            40.21549148953435
          ],
          [
            16.396284691136973,
            40.21367079889807
          ]
        ]
      },
      "properties": {
        "tipo": "mule_track",
        "area_px": 894,
        "lon_c": 16.394489,
        "lat_c": 40.215491
      }
    },
    {
      "type": "Feature",
      "geometry": {
        "type": "LineString",
        "coordinates": [
          [
            16.335332736496568,
            40.21751606978879
          ],
          [
            16.336730394269846,
            40.21669432490882
          ],
          [
            16.338167711131003,
            40.215794306703394
          ]
        ]
      },
      "properties": {
        "tipo": "mule_track",
        "area_px": 459,
        "lon_c": 16.33673,
        "lat_c": 40.216694
      }
    },
    {
      "type": "Feature",
      "geometry": {
        "type": "LineString",
        "coordinates": [
          [
            16.32384362876753,
            40.213900367309456
          ],
          [
            16.326458439214143,
            40.21283531613581
          ],
          [
            16.329289764249477,
            40.211891643709826
          ]
        ]
      },
      "properties": {
        "tipo": "mule_track",
        "area_px": 879,
        "lon_c": 16.326458,
        "lat_c": 40.212835
      }
    },
    {
      "type": "Feature",
      "geometry": {
        "type": "LineString",
        "coordinates": [
          [
            16.284079379289764,
            40.213785583103764
          ],
          [
            16.285900726151397,
            40.21282836785362
          ],
          [
            16.287660399880632,
            40.211891643709826
          ]
        ]
      },
      "properties": {
        "tipo": "mule_track",
        "area_px": 675,
        "lon_c": 16.285901,
        "lat_c": 40.212828
      }
    },
    {
      "type": "Feature",
      "geometry": {
        "type": "LineString",
        "coordinates": [
          [
            16.21842733512384,
            40.21355601469238
          ],
          [
            16.22005836134356,
            40.21204038204583
          ],
          [
            16.221635332736497,
            40.21045684113866
          ]
        ]
      },
      "properties": {
        "tipo": "mule_track",
        "area_px": 835,
        "lon_c": 16.220058,
        "lat_c": 40.21204
      }
    },
    {
      "type": "Feature",
      "geometry": {
        "type": "LineString",
        "coordinates": [
          [
            16.287809609071918,
            40.21280991735537
          ],
          [
            16.28928047616796,
            40.211615633647924
          ],
          [
            16.290719188302,
            40.210514233241504
          ]
        ]
      },
      "properties": {
        "tipo": "mule_track",
        "area_px": 587,
        "lon_c": 16.28928,
        "lat_c": 40.211616
      }
    },
    {
      "type": "Feature",
      "geometry": {
        "type": "LineString",
        "coordinates": [
          [
            16.355028349746345,
            40.21269513314968
          ],
          [
            16.356234707726898,
            40.21198511451715
          ],
          [
            16.357788719785137,
            40.21103076216713
          ]
        ]
      },
      "properties": {
        "tipo": "mule_track",
        "area_px": 447,
        "lon_c": 16.356235,
        "lat_c": 40.211985
      }
    },
    {
      "type": "Feature",
      "geometry": {
        "type": "LineString",
        "coordinates": [
          [
            16.273709340495373,
            40.2122359963269
          ],
          [
            16.27534109915124,
            40.21141190245478
          ],
          [
            16.277066547299313,
            40.21045684113866
          ]
        ]
      },
      "properties": {
        "tipo": "mule_track",
        "area_px": 688,
        "lon_c": 16.275341,
        "lat_c": 40.211412
      }
    },
    {
      "type": "Feature",
      "geometry": {
        "type": "LineString",
        "coordinates": [
          [
            16.395911668158757,
            40.21200642791552
          ],
          [
            16.397104857243622,
            40.21116778270704
          ],
          [
            16.39837361981498,
            40.210342056932966
          ]
        ]
      },
      "properties": {
        "tipo": "mule_track",
        "area_px": 462,
        "lon_c": 16.397105,
        "lat_c": 40.211168
      }
    },
    {
      "type": "Feature",
      "geometry": {
        "type": "LineString",
        "coordinates": [
          [
            16.351969561324978,
            40.211375114784204
          ],
          [
            16.354362320549303,
            40.2098043902909
          ],
          [
            16.355998209489705,
            40.20839072543618
          ]
        ]
      },
      "properties": {
        "tipo": "mule_track",
        "area_px": 896,
        "lon_c": 16.354362,
        "lat_c": 40.209804
      }
    },
    {
      "type": "Feature",
      "geometry": {
        "type": "LineString",
        "coordinates": [
          [
            16.34697105341689,
            40.21114554637282
          ],
          [
            16.348731918571684,
            40.20998884150528
          ],
          [
            16.350402864816473,
            40.20884986225895
          ]
        ]
      },
      "properties": {
        "tipo": "mule_track",
        "area_px": 531,
        "lon_c": 16.348732,
        "lat_c": 40.209989
      }
    },
    {
      "type": "Feature",
      "geometry": {
        "type": "LineString",
        "coordinates": [
          [
            16.291316025067143,
            40.21085858585859
          ],
          [
            16.292628016034637,
            40.2100682212704
          ],
          [
            16.294300208892867,
            40.209194214876035
          ]
        ]
      },
      "properties": {
        "tipo": "mule_track",
        "area_px": 739,
        "lon_c": 16.292628,
        "lat_c": 40.210068
      }
    },
    {
      "type": "Feature",
      "geometry": {
        "type": "LineString",
        "coordinates": [
          [
            16.268188600417783,
            40.21057162534435
          ],
          [
            16.269601388232918,
            40.20965459444119
          ],
          [
            16.271098179647865,
            40.20867768595041
          ]
        ]
      },
      "properties": {
        "tipo": "mule_track",
        "area_px": 508,
        "lon_c": 16.269601,
        "lat_c": 40.209655
      }
    },
    {
      "type": "Feature",
      "geometry": {
        "type": "LineString",
        "coordinates": [
          [
            16.295941509997014,
            40.21045684113866
          ],
          [
            16.29775684352138,
            40.209623773490286
          ],
          [
            16.299224112205312,
            40.20873507805326
          ]
        ]
      },
      "properties": {
        "tipo": "mule_track",
        "area_px": 553,
        "lon_c": 16.297757,
        "lat_c": 40.209624
      }
    },
    {
      "type": "Feature",
      "geometry": {
        "type": "LineString",
        "coordinates": [
          [
            16.237824529991048,
            40.20971074380165
          ],
          [
            16.252077690132417,
            40.20490600577583
          ],
          [
            16.26759176365264,
            40.19777318640955
          ]
        ]
      },
      "properties": {
        "tipo": "mule_track",
        "area_px": 10211,
        "lon_c": 16.252078,
        "lat_c": 40.204906
      }
    },
    {
      "type": "Feature",
      "geometry": {
        "type": "LineString",
        "coordinates": [
          [
            16.310265592360487,
            40.209653351698805
          ],
          [
            16.31125579881175,
            40.20828016917537
          ],
          [
            16.31227991644285,
            40.2063246097337
          ]
        ]
      },
      "properties": {
        "tipo": "mule_track",
        "area_px": 638,
        "lon_c": 16.311256,
        "lat_c": 40.20828
      }
    },
    {
      "type": "Feature",
      "geometry": {
        "type": "LineString",
        "coordinates": [
          [
            16.355028349746345,
            40.209653351698805
          ],
          [
            16.3570952624923,
            40.20853684559289
          ],
          [
            16.359206207102357,
            40.20741505968778
          ]
        ]
      },
      "properties": {
        "tipo": "mule_track",
        "area_px": 837,
        "lon_c": 16.357095,
        "lat_c": 40.208537
      }
    },
    {
      "type": "Feature",
      "geometry": {
        "type": "LineString",
        "coordinates": [
          [
            16.215293942106833,
            40.20953856749311
          ],
          [
            16.217248132312537,
            40.20819906797204
          ],
          [
            16.218800358102058,
            40.20672635445363
          ]
        ]
      },
      "properties": {
        "tipo": "mule_track",
        "area_px": 928,
        "lon_c": 16.217248,
        "lat_c": 40.208199
      }
    },
    {
      "type": "Feature",
      "geometry": {
        "type": "LineString",
        "coordinates": [
          [
            16.210743061772604,
            40.208792470156105
          ],
          [
            16.212144215539297,
            40.207998036669366
          ],
          [
            16.21327961802447,
            40.2071854912764
          ]
        ]
      },
      "properties": {
        "tipo": "mule_track",
        "area_px": 507,
        "lon_c": 16.212144,
        "lat_c": 40.207998
      }
    },
    {
      "type": "Feature",
      "geometry": {
        "type": "LineString",
        "coordinates": [
          [
            16.232452999104744,
            40.2037419651056
          ],
          [
            16.2346395872708,
            40.202946446791145
          ],
          [
            16.23692927484333,
            40.20213498622589
          ]
        ]
      },
      "properties": {
        "tipo": "mule_track",
        "area_px": 576,
        "lon_c": 16.23464,
        "lat_c": 40.202946
      }
    },
    {
      "type": "Feature",
      "geometry": {
        "type": "LineString",
        "coordinates": [
          [
            16.335481945687853,
            40.20362718089991
          ],
          [
            16.337345469684074,
            40.202270897939705
          ],
          [
            16.33898836168308,
            40.200700183654725
          ]
        ]
      },
      "properties": {
        "tipo": "mule_track",
        "area_px": 891,
        "lon_c": 16.337345,
        "lat_c": 40.202271
      }
    },
    {
      "type": "Feature",
      "geometry": {
        "type": "LineString",
        "coordinates": [
          [
            16.354879140555056,
            40.20345500459137
          ],
          [
            16.356736284869676,
            40.20071600327282
          ],
          [
            16.358609370337213,
            40.19828971533517
          ]
        ]
      },
      "properties": {
        "tipo": "mule_track",
        "area_px": 1404,
        "lon_c": 16.356736,
        "lat_c": 40.200716
      }
    },
    {
      "type": "Feature",
      "geometry": {
        "type": "LineString",
        "coordinates": [
          [
            16.28982393315428,
            40.202938475665746
          ],
          [
            16.291187479738678,
            40.20164003095044
          ],
          [
            16.292360489406146,
            40.200528007346186
          ]
        ]
      },
      "properties": {
        "tipo": "mule_track",
        "area_px": 556,
        "lon_c": 16.291187,
        "lat_c": 40.20164
      }
    },
    {
      "type": "Feature",
      "geometry": {
        "type": "LineString",
        "coordinates": [
          [
            16.3090719188302,
            40.202823691460054
          ],
          [
            16.310967983884503,
            40.1995001405947
          ],
          [
            16.314070426738287,
            40.19622359963269
          ]
        ]
      },
      "properties": {
        "tipo": "mule_track",
        "area_px": 1979,
        "lon_c": 16.310968,
        "lat_c": 40.1995
      }
    },
    {
      "type": "Feature",
      "geometry": {
        "type": "LineString",
        "coordinates": [
          [
            16.214920919128616,
            40.202651515151516
          ],
          [
            16.218817923058243,
            40.196357508581464
          ],
          [
            16.22126230975828,
            40.19031221303948
          ]
        ]
      },
      "properties": {
        "tipo": "mule_track",
        "area_px": 3211,
        "lon_c": 16.218818,
        "lat_c": 40.196358
      }
    },
    {
      "type": "Feature",
      "geometry": {
        "type": "LineString",
        "coordinates": [
          [
            16.305863921217547,
            40.20219237832874
          ],
          [
            16.307717640461597,
            40.201140273867544
          ],
          [
            16.309743360190986,
            40.20001147842057
          ]
        ]
      },
      "properties": {
        "tipo": "mule_track",
        "area_px": 910,
        "lon_c": 16.307718,
        "lat_c": 40.20114
      }
    },
    {
      "type": "Feature",
      "geometry": {
        "type": "LineString",
        "coordinates": [
          [
            16.286093703372128,
            40.20018365472911
          ],
          [
            16.287189985835255,
            40.199315761481536
          ],
          [
            16.28833184124142,
            40.198404499540864
          ]
        ]
      },
      "properties": {
        "tipo": "mule_track",
        "area_px": 442,
        "lon_c": 16.28719,
        "lat_c": 40.199316
      }
    },
    {
      "type": "Feature",
      "geometry": {
        "type": "LineString",
        "coordinates": [
          [
            16.23357206803939,
            40.19989669421487
          ],
          [
            16.235286840504816,
            40.198659567481485
          ],
          [
            16.237451507012832,
            40.19731404958677
          ]
        ]
      },
      "properties": {
        "tipo": "mule_track",
        "area_px": 790,
        "lon_c": 16.235287,
        "lat_c": 40.19866
      }
    },
    {
      "type": "Feature",
      "geometry": {
        "type": "LineString",
        "coordinates": [
          [
            16.366890480453595,
            40.199954086317724
          ],
          [
            16.368291968231027,
            40.19919360638145
          ],
          [
            16.36987466427932,
            40.19817493112947
          ]
        ]
      },
      "properties": {
        "tipo": "mule_track",
        "area_px": 415,
        "lon_c": 16.368292,
        "lat_c": 40.199194
      }
    },
    {
      "type": "Feature",
      "geometry": {
        "type": "LineString",
        "coordinates": [
          [
            16.237973739182333,
            40.19978191000918
          ],
          [
            16.239323056332903,
            40.198990193308376
          ],
          [
            16.240883318412415,
            40.198117539026626
          ]
        ]
      },
      "properties": {
        "tipo": "mule_track",
        "area_px": 429,
        "lon_c": 16.239323,
        "lat_c": 40.19899
      }
    },
    {
      "type": "Feature",
      "geometry": {
        "type": "LineString",
        "coordinates": [
          [
            16.393897344076393,
            40.19892102846648
          ],
          [
            16.395503937323838,
            40.197368337016364
          ],
          [
            16.39740376007162,
            40.19570707070707
          ]
        ]
      },
      "properties": {
        "tipo": "mule_track",
        "area_px": 647,
        "lon_c": 16.395504,
        "lat_c": 40.197368
      }
    },
    {
      "type": "Feature",
      "geometry": {
        "type": "LineString",
        "coordinates": [
          [
            16.37211280214861,
            40.19834710743802
          ],
          [
            16.373432106133787,
            40.19740304277341
          ],
          [
            16.374873172187407,
            40.19639577594123
          ]
        ]
      },
      "properties": {
        "tipo": "mule_track",
        "area_px": 405,
        "lon_c": 16.373432,
        "lat_c": 40.197403
      }
    },
    {
      "type": "Feature",
      "geometry": {
        "type": "LineString",
        "coordinates": [
          [
            16.40583407937929,
            40.19806014692378
          ],
          [
            16.408302194023847,
            40.19636152782768
          ],
          [
            16.410981796478662,
            40.19501836547291
          ]
        ]
      },
      "properties": {
        "tipo": "mule_track",
        "area_px": 1840,
        "lon_c": 16.408302,
        "lat_c": 40.196362
      }
    },
    {
      "type": "Feature",
      "geometry": {
        "type": "LineString",
        "coordinates": [
          [
            16.313473589973142,
            40.196108815426996
          ],
          [
            16.314953409650744,
            40.19491879526844
          ],
          [
            16.316681587585794,
            40.19335399449036
          ]
        ]
      },
      "properties": {
        "tipo": "mule_track",
        "area_px": 845,
        "lon_c": 16.314953,
        "lat_c": 40.194919
      }
    },
    {
      "type": "Feature",
      "geometry": {
        "type": "LineString",
        "coordinates": [
          [
            16.411578633243806,
            40.19605142332415
          ],
          [
            16.41319901620857,
            40.1947712782014
          ],
          [
            16.414935840047747,
            40.19318181818181
          ]
        ]
      },
      "properties": {
        "tipo": "mule_track",
        "area_px": 724,
        "lon_c": 16.413199,
        "lat_c": 40.194771
      }
    },
    {
      "type": "Feature",
      "geometry": {
        "type": "LineString",
        "coordinates": [
          [
            16.23886899433005,
            40.19559228650137
          ],
          [
            16.23985537833692,
            40.19472586712419
          ],
          [
            16.2410325276037,
            40.19381313131313
          ]
        ]
      },
      "properties": {
        "tipo": "mule_track",
        "area_px": 456,
        "lon_c": 16.239855,
        "lat_c": 40.194726
      }
    },
    {
      "type": "Feature",
      "geometry": {
        "type": "LineString",
        "coordinates": [
          [
            16.36077290361086,
            40.19289485766758
          ],
          [
            16.36535998935907,
            40.18699711169135
          ],
          [
            16.371217547000896,
            40.18365472910927
          ]
        ]
      },
      "properties": {
        "tipo": "mule_track",
        "area_px": 4523,
        "lon_c": 16.36536,
        "lat_c": 40.186997
      }
    },
    {
      "type": "Feature",
      "geometry": {
        "type": "LineString",
        "coordinates": [
          [
            16.39210683378096,
            40.19278007346189
          ],
          [
            16.39323230065949,
            40.19163539544125
          ],
          [
            16.39449418084154,
            40.19019742883379
          ]
        ]
      },
      "properties": {
        "tipo": "mule_track",
        "area_px": 653,
        "lon_c": 16.393232,
        "lat_c": 40.191635
      }
    },
    {
      "type": "Feature",
      "geometry": {
        "type": "LineString",
        "coordinates": [
          [
            16.31735302894658,
            40.19232093663911
          ],
          [
            16.320287887419816,
            40.189262870376695
          ],
          [
            16.323172187406744,
            40.18606519742883
          ]
        ]
      },
      "properties": {
        "tipo": "mule_track",
        "area_px": 1815,
        "lon_c": 16.320288,
        "lat_c": 40.189263
      }
    },
    {
      "type": "Feature",
      "geometry": {
        "type": "LineString",
        "coordinates": [
          [
            16.311832288868995,
            40.19203397612488
          ],
          [
            16.313688238052606,
            40.190896464646464
          ],
          [
            16.315487914055506,
            40.18991046831956
          ]
        ]
      },
      "properties": {
        "tipo": "mule_track",
        "area_px": 700,
        "lon_c": 16.313688,
        "lat_c": 40.190896
      }
    },
    {
      "type": "Feature",
      "geometry": {
        "type": "LineString",
        "coordinates": [
          [
            16.2183527305282,
            40.1892217630854
          ],
          [
            16.220140645881177,
            40.18533001290906
          ],
          [
            16.221635332736497,
            40.18193296602387
          ]
        ]
      },
      "properties": {
        "tipo": "mule_track",
        "area_px": 1725,
        "lon_c": 16.220141,
        "lat_c": 40.18533
      }
    },
    {
      "type": "Feature",
      "geometry": {
        "type": "LineString",
        "coordinates": [
          [
            16.38889883616831,
            40.188016528925615
          ],
          [
            16.390239439548534,
            40.18666987145248
          ],
          [
            16.391733810802744,
            40.18520431588613
          ]
        ]
      },
      "properties": {
        "tipo": "mule_track",
        "area_px": 851,
        "lon_c": 16.390239,
        "lat_c": 40.18667
      }
    },
    {
      "type": "Feature",
      "geometry": {
        "type": "LineString",
        "coordinates": [
          [
            16.324440465532675,
            40.18732782369146
          ],
          [
            16.32675697507928,
            40.1862976007959
          ],
          [
            16.328991345866903,
            40.18520431588613
          ]
        ]
      },
      "properties": {
        "tipo": "mule_track",
        "area_px": 911,
        "lon_c": 16.326757,
        "lat_c": 40.186298
      }
    },
    {
      "type": "Feature",
      "geometry": {
        "type": "LineString",
        "coordinates": [
          [
            16.329438973440762,
            40.18623737373737
          ],
          [
            16.332063174419275,
            40.18486155481476
          ],
          [
            16.33443748134885,
            40.183597337006425
          ]
        ]
      },
      "properties": {
        "tipo": "mule_track",
        "area_px": 1190,
        "lon_c": 16.332063,
        "lat_c": 40.184862
      }
    },
    {
      "type": "Feature",
      "geometry": {
        "type": "LineString",
        "coordinates": [
          [
            16.3722620113399,
            40.18595041322314
          ],
          [
            16.376188627610663,
            40.18383181958844
          ],
          [
            16.380170098478064,
            40.18107208448117
          ]
        ]
      },
      "properties": {
        "tipo": "mule_track",
        "area_px": 2546,
        "lon_c": 16.376189,
        "lat_c": 40.183832
      }
    },
    {
      "type": "Feature",
      "geometry": {
        "type": "LineString",
        "coordinates": [
          [
            16.388376603998804,
            40.18543388429752
          ],
          [
            16.38935515826271,
            40.184341384625476
          ],
          [
            16.390465532676814,
            40.18296602387511
          ]
        ]
      },
      "properties": {
        "tipo": "mule_track",
        "area_px": 532,
        "lon_c": 16.389355,
        "lat_c": 40.184341
      }
    },
    {
      "type": "Feature",
      "geometry": {
        "type": "LineString",
        "coordinates": [
          [
            16.377782751417488,
            40.18537649219467
          ],
          [
            16.37889326181627,
            40.1843900188425
          ],
          [
            16.380170098478064,
            40.18336776859504
          ]
        ]
      },
      "properties": {
        "tipo": "mule_track",
        "area_px": 462,
        "lon_c": 16.378893,
        "lat_c": 40.18439
      }
    },
    {
      "type": "Feature",
      "geometry": {
        "type": "LineString",
        "coordinates": [
          [
            16.34726947179946,
            40.18508953168044
          ],
          [
            16.35484818703016,
            40.182204639794065
          ],
          [
            16.36144434497165,
            40.18021120293847
          ]
        ]
      },
      "properties": {
        "tipo": "mule_track",
        "area_px": 4295,
        "lon_c": 16.354848,
        "lat_c": 40.182205
      }
    },
    {
      "type": "Feature",
      "geometry": {
        "type": "LineString",
        "coordinates": [
          [
            16.33369143539242,
            40.183769513314964
          ],
          [
            16.33579346258722,
            40.18251897882362
          ],
          [
            16.33809310653536,
            40.18107208448117
          ]
        ]
      },
      "properties": {
        "tipo": "mule_track",
        "area_px": 1310,
        "lon_c": 16.335793,
        "lat_c": 40.182519
      }
    },
    {
      "type": "Feature",
      "geometry": {
        "type": "LineString",
        "coordinates": [
          [
            16.33906296627872,
            40.18353994490358
          ],
          [
            16.34234496194559,
            40.18231939769936
          ],
          [
            16.346225007460458,
            40.18095730027548
          ]
        ]
      },
      "properties": {
        "tipo": "mule_track",
        "area_px": 1353,
        "lon_c": 16.342345,
        "lat_c": 40.182319
      }
    },
    {
      "type": "Feature",
      "geometry": {
        "type": "LineString",
        "coordinates": [
          [
            16.38845120859445,
            40.18210514233241
          ],
          [
            16.38983319856374,
            40.179818541444504
          ],
          [
            16.391435392420174,
            40.17797291092745
          ]
        ]
      },
      "properties": {
        "tipo": "mule_track",
        "area_px": 992,
        "lon_c": 16.389833,
        "lat_c": 40.179819
      }
    },
    {
      "type": "Feature",
      "geometry": {
        "type": "LineString",
        "coordinates": [
          [
            16.357714115189495,
            40.18078512396694
          ],
          [
            16.35931005153952,
            40.17993185059926
          ],
          [
            16.36099671739779,
            40.178489439853074
          ]
        ]
      },
      "properties": {
        "tipo": "mule_track",
        "area_px": 694,
        "lon_c": 16.35931,
        "lat_c": 40.179932
      }
    },
    {
      "type": "Feature",
      "geometry": {
        "type": "LineString",
        "coordinates": [
          [
            16.21842733512384,
            40.17969467401285
          ],
          [
            16.220676928029473,
            40.175685022197634
          ],
          [
            16.22297821545807,
            40.17252066115702
          ]
        ]
      },
      "properties": {
        "tipo": "mule_track",
        "area_px": 1524,
        "lon_c": 16.220677,
        "lat_c": 40.175685
      }
    },
    {
      "type": "Feature",
      "geometry": {
        "type": "LineString",
        "coordinates": [
          [
            16.381363772008356,
            40.17883379247015
          ],
          [
            16.38758877373184,
            40.176752671334825
          ],
          [
            16.393673530289465,
            40.17539026629935
          ]
        ]
      },
      "properties": {
        "tipo": "mule_track",
        "area_px": 3121,
        "lon_c": 16.387589,
        "lat_c": 40.176753
      }
    },
    {
      "type": "Feature",
      "geometry": {
        "type": "LineString",
        "coordinates": [
          [
            16.35331244404655,
            40.17751377410468
          ],
          [
            16.3553049676609,
            40.17581084044935
          ],
          [
            16.357191883019993,
            40.17441460055096
          ]
        ]
      },
      "properties": {
        "tipo": "mule_track",
        "area_px": 1143,
        "lon_c": 16.355305,
        "lat_c": 40.175811
      }
    },
    {
      "type": "Feature",
      "geometry": {
        "type": "LineString",
        "coordinates": [
          [
            16.351745747538047,
            40.176078971533514
          ],
          [
            16.35575901754696,
            40.1726705236578
          ],
          [
            16.359877648463144,
            40.17005280073462
          ]
        ]
      },
      "properties": {
        "tipo": "mule_track",
        "area_px": 4177,
        "lon_c": 16.355759,
        "lat_c": 40.172671
      }
    },
    {
      "type": "Feature",
      "geometry": {
        "type": "LineString",
        "coordinates": [
          [
            16.221784541927782,
            40.172635445362715
          ],
          [
            16.22516896633227,
            40.16965238595647
          ],
          [
            16.22849895553566,
            40.16718319559229
          ]
        ]
      },
      "properties": {
        "tipo": "mule_track",
        "area_px": 1683,
        "lon_c": 16.225169,
        "lat_c": 40.169652
      }
    },
    {
      "type": "Feature",
      "geometry": {
        "type": "LineString",
        "coordinates": [
          [
            16.437914055505818,
            40.172176308539946
          ],
          [
            16.44070459283916,
            40.17103824047368
          ],
          [
            16.443360190987764,
            40.16970844811754
          ]
        ]
      },
      "properties": {
        "tipo": "mule_track",
        "area_px": 1192,
        "lon_c": 16.440705,
        "lat_c": 40.171038
      }
    },
    {
      "type": "Feature",
      "geometry": {
        "type": "LineString",
        "coordinates": [
          [
            16.2496866606983,
            40.17206152433425
          ],
          [
            16.25058625873308,
            40.171200284836644
          ],
          [
            16.251700984780662,
            40.170224977043155
          ]
        ]
      },
      "properties": {
        "tipo": "mule_track",
        "area_px": 481,
        "lon_c": 16.250586,
        "lat_c": 40.1712
      }
    },
    {
      "type": "Feature",
      "geometry": {
        "type": "LineString",
        "coordinates": [
          [
            16.425455088033424,
            40.17188934802571
          ],
          [
            16.42704572968507,
            40.17039283014744
          ],
          [
            16.428663085646075,
            40.16873278236914
          ]
        ]
      },
      "properties": {
        "tipo": "mule_track",
        "area_px": 916,
        "lon_c": 16.427046,
        "lat_c": 40.170393
      }
    },
    {
      "type": "Feature",
      "geometry": {
        "type": "LineString",
        "coordinates": [
          [
            16.348537749925395,
            40.17085629017447
          ],
          [
            16.35232881734004,
            40.16862679278065
          ],
          [
            16.35614741868099,
            40.1668388429752
          ]
        ]
      },
      "properties": {
        "tipo": "mule_track",
        "area_px": 2780,
        "lon_c": 16.352329,
        "lat_c": 40.168627
      }
    },
    {
      "type": "Feature",
      "geometry": {
        "type": "LineString",
        "coordinates": [
          [
            16.390987764846315,
            40.170913682277316
          ],
          [
            16.396351123584477,
            40.169386410456234
          ],
          [
            16.401656222023277,
            40.16724058769513
          ]
        ]
      },
      "properties": {
        "tipo": "mule_track",
        "area_px": 3040,
        "lon_c": 16.396351,
        "lat_c": 40.169386
      }
    },
    {
      "type": "Feature",
      "geometry": {
        "type": "LineString",
        "coordinates": [
          [
            15.993090638930163,
            40.49782956362806
          ],
          [
            15.994381702004333,
            40.493934860207204
          ],
          [
            15.995839524517088,
            40.49017591957962
          ]
        ]
      },
      "properties": {
        "tipo": "mule_track",
        "area_px": 2584,
        "lon_c": 15.994382,
        "lat_c": 40.493935
      }
    },
    {
      "type": "Feature",
      "geometry": {
        "type": "LineString",
        "coordinates": [
          [
            15.963744427934621,
            40.497715330134795
          ],
          [
            15.970799115717753,
            40.49478737047235
          ],
          [
            15.97667161961367,
            40.492289239204936
          ]
        ]
      },
      "properties": {
        "tipo": "mule_track",
        "area_px": 4305,
        "lon_c": 15.970799,
        "lat_c": 40.494787
      }
    },
    {
      "type": "Feature",
      "geometry": {
        "type": "LineString",
        "coordinates": [
          [
            16.1518573551263,
            40.496858578935345
          ],
          [
            16.153014745567333,
            40.49595380356552
          ],
          [
            16.154309063893017,
            40.49520219328307
          ]
        ]
      },
      "properties": {
        "tipo": "mule_track",
        "area_px": 446,
        "lon_c": 16.153015,
        "lat_c": 40.495954
      }
    },
    {
      "type": "Feature",
      "geometry": {
        "type": "LineString",
        "coordinates": [
          [
            15.95854383358098,
            40.49451679232351
          ],
          [
            15.961120630604997,
            40.49372663682013
          ],
          [
            15.962852897473997,
            40.49280328992461
          ]
        ]
      },
      "properties": {
        "tipo": "mule_track",
        "area_px": 705,
        "lon_c": 15.961121,
        "lat_c": 40.493727
      }
    },
    {
      "type": "Feature",
      "geometry": {
        "type": "LineString",
        "coordinates": [
          [
            15.960624071322437,
            40.49217500571167
          ],
          [
            15.961712712104386,
            40.4909749425041
          ],
          [
            15.962778603268944,
            40.48989033584647
          ]
        ]
      },
      "properties": {
        "tipo": "mule_track",
        "area_px": 467,
        "lon_c": 15.961713,
        "lat_c": 40.490975
      }
    },
    {
      "type": "Feature",
      "geometry": {
        "type": "LineString",
        "coordinates": [
          [
            15.95780089153046,
            40.49046150331277
          ],
          [
            15.965066658906654,
            40.480688619464644
          ],
          [
            15.969167904903417,
            40.47035640849897
          ]
        ]
      },
      "properties": {
        "tipo": "mule_track",
        "area_px": 7506,
        "lon_c": 15.965067,
        "lat_c": 40.480689
      }
    },
    {
      "type": "Feature",
      "geometry": {
        "type": "LineString",
        "coordinates": [
          [
            16.00965824665676,
            40.48360749371716
          ],
          [
            16.012108624780996,
            40.482798481888025
          ],
          [
            16.014561664190193,
            40.481951108064884
          ]
        ]
      },
      "properties": {
        "tipo": "mule_track",
        "area_px": 1005,
        "lon_c": 16.012109,
        "lat_c": 40.482798
      }
    },
    {
      "type": "Feature",
      "geometry": {
        "type": "LineString",
        "coordinates": [
          [
            16.06887072808321,
            40.48332190998401
          ],
          [
            16.070413761572752,
            40.48220014081942
          ],
          [
            16.071768202080236,
            40.4810372401188
          ]
        ]
      },
      "properties": {
        "tipo": "mule_track",
        "area_px": 611,
        "lon_c": 16.070414,
        "lat_c": 40.4822
      }
    },
    {
      "type": "Feature",
      "geometry": {
        "type": "LineString",
        "coordinates": [
          [
            15.971842496285289,
            40.47909527073338
          ],
          [
            15.973839487102738,
            40.47831546277714
          ],
          [
            15.976225854383358,
            40.477438885081106
          ]
        ]
      },
      "properties": {
        "tipo": "mule_track",
        "area_px": 556,
        "lon_c": 15.973839,
        "lat_c": 40.478315
      }
    },
    {
      "type": "Feature",
      "geometry": {
        "type": "LineString",
        "coordinates": [
          [
            15.96478454680535,
            40.47029929175234
          ],
          [
            15.96586841670794,
            40.469243583885465
          ],
          [
            15.96701337295691,
            40.468014621887136
          ]
        ]
      },
      "properties": {
        "tipo": "mule_track",
        "area_px": 720,
        "lon_c": 15.965868,
        "lat_c": 40.469244
      }
    },
    {
      "type": "Feature",
      "geometry": {
        "type": "LineString",
        "coordinates": [
          [
            15.964190193164933,
            40.46835732236692
          ],
          [
            15.96677629800979,
            40.462732858768504
          ],
          [
            15.970356612184249,
            40.455563171121774
          ]
        ]
      },
      "properties": {
        "tipo": "mule_track",
        "area_px": 4481,
        "lon_c": 15.966776,
        "lat_c": 40.462733
      }
    },
    {
      "type": "Feature",
      "geometry": {
        "type": "LineString",
        "coordinates": [
          [
            16.02221396731055,
            40.46761480466073
          ],
          [
            16.023270081110734,
            40.46660681475189
          ],
          [
            16.02444279346211,
            40.46578706876856
          ]
        ]
      },
      "properties": {
        "tipo": "mule_track",
        "area_px": 497,
        "lon_c": 16.02327,
        "lat_c": 40.466607
      }
    },
    {
      "type": "Feature",
      "geometry": {
        "type": "LineString",
        "coordinates": [
          [
            15.96783060921248,
            40.45527758738862
          ],
          [
            15.969781036559553,
            40.45288899572814
          ],
          [
            15.972585438335809,
            40.450536897418324
          ]
        ]
      },
      "properties": {
        "tipo": "mule_track",
        "area_px": 2271,
        "lon_c": 15.969781,
        "lat_c": 40.452889
      }
    },
    {
      "type": "Feature",
      "geometry": {
        "type": "LineString",
        "coordinates": [
          [
            15.98335809806835,
            40.45482065341558
          ],
          [
            15.985057561858001,
            40.45361881773301
          ],
          [
            15.987072808320951,
            40.45259310029701
          ]
        ]
      },
      "properties": {
        "tipo": "mule_track",
        "area_px": 575,
        "lon_c": 15.985058,
        "lat_c": 40.453619
      }
    },
    {
      "type": "Feature",
      "geometry": {
        "type": "LineString",
        "coordinates": [
          [
            16.100148588410104,
            40.4409984007311
          ],
          [
            16.101783770173803,
            40.4403127271379
          ],
          [
            16.103194650817237,
            40.43957048206534
          ]
        ]
      },
      "properties": {
        "tipo": "mule_track",
        "area_px": 419,
        "lon_c": 16.101784,
        "lat_c": 40.440313
      }
    },
    {
      "type": "Feature",
      "geometry": {
        "type": "LineString",
        "coordinates": [
          [
            16.089450222882615,
            40.44002741603838
          ],
          [
            16.091281900288273,
            40.43940347480388
          ],
          [
            16.09264487369985,
            40.438542380626004
          ]
        ]
      },
      "properties": {
        "tipo": "mule_track",
        "area_px": 434,
        "lon_c": 16.091282,
        "lat_c": 40.439403
      }
    },
    {
      "type": "Feature",
      "geometry": {
        "type": "LineString",
        "coordinates": [
          [
            16.105720653789003,
            40.434372858122
          ],
          [
            16.10732715462103,
            40.43365047509628
          ],
          [
            16.10861812778603,
            40.43277358921636
          ]
        ]
      },
      "properties": {
        "tipo": "mule_track",
        "area_px": 417,
        "lon_c": 16.107327,
        "lat_c": 40.43365
      }
    },
    {
      "type": "Feature",
      "geometry": {
        "type": "LineString",
        "coordinates": [
          [
            16.112778603268943,
            40.430488919351156
          ],
          [
            16.114777357043568,
            40.42965381724115
          ],
          [
            16.117013372956908,
            40.42866118345899
          ]
        ]
      },
      "properties": {
        "tipo": "mule_track",
        "area_px": 496,
        "lon_c": 16.114777,
        "lat_c": 40.429654
      }
    },
    {
      "type": "Feature",
      "geometry": {
        "type": "LineString",
        "coordinates": [
          [
            16.135141158989597,
            40.42746173177976
          ],
          [
            16.137652409580834,
            40.426471922529814
          ],
          [
            16.14041604754829,
            40.425462645647706
          ]
        ]
      },
      "properties": {
        "tipo": "mule_track",
        "area_px": 977,
        "lon_c": 16.137652,
        "lat_c": 40.426472
      }
    },
    {
      "type": "Feature",
      "geometry": {
        "type": "LineString",
        "coordinates": [
          [
            16.170208023774144,
            40.42597669636738
          ],
          [
            16.174472921388226,
            40.41764235147146
          ],
          [
            16.178974739970283,
            40.408841672378344
          ]
        ]
      },
      "properties": {
        "tipo": "mule_track",
        "area_px": 7425,
        "lon_c": 16.174473,
        "lat_c": 40.417642
      }
    },
    {
      "type": "Feature",
      "geometry": {
        "type": "LineString",
        "coordinates": [
          [
            16.04368499257058,
            40.425405528901074
          ],
          [
            16.045475172874692,
            40.42432578403549
          ],
          [
            16.04702823179792,
            40.42283527530272
          ]
        ]
      },
      "properties": {
        "tipo": "mule_track",
        "area_px": 647,
        "lon_c": 16.045475,
        "lat_c": 40.424326
      }
    },
    {
      "type": "Feature",
      "geometry": {
        "type": "LineString",
        "coordinates": [
          [
            16.148736998514114,
            40.423692026502174
          ],
          [
            16.149841699104684,
            40.42258334099415
          ],
          [
            16.151263001485884,
            40.421293123143705
          ]
        ]
      },
      "properties": {
        "tipo": "mule_track",
        "area_px": 589,
        "lon_c": 16.149842,
        "lat_c": 40.422583
      }
    },
    {
      "type": "Feature",
      "geometry": {
        "type": "LineString",
        "coordinates": [
          [
            15.987741456166418,
            40.409298606351385
          ],
          [
            15.988973251223205,
            40.40858877395107
          ],
          [
            15.990490341753343,
            40.407813570939
          ]
        ]
      },
      "properties": {
        "tipo": "mule_track",
        "area_px": 519,
        "lon_c": 15.988973,
        "lat_c": 40.408589
      }
    },
    {
      "type": "Feature",
      "geometry": {
        "type": "LineString",
        "coordinates": [
          [
            15.993090638930163,
            40.408670322138455
          ],
          [
            15.994586736964466,
            40.407761782595905
          ],
          [
            15.996210995542347,
            40.40678546949966
          ]
        ]
      },
      "properties": {
        "tipo": "mule_track",
        "area_px": 611,
        "lon_c": 15.994587,
        "lat_c": 40.407762
      }
    },
    {
      "type": "Feature",
      "geometry": {
        "type": "LineString",
        "coordinates": [
          [
            15.998068350668648,
            40.40764222069911
          ],
          [
            15.999446968088868,
            40.40676120848157
          ],
          [
            16.001634472511142,
            40.40604295179347
          ]
        ]
      },
      "properties": {
        "tipo": "mule_track",
        "area_px": 525,
        "lon_c": 15.999447,
        "lat_c": 40.406761
      }
    },
    {
      "type": "Feature",
      "geometry": {
        "type": "LineString",
        "coordinates": [
          [
            16.17013372956909,
            40.40701393648618
          ],
          [
            16.17313741767942,
            40.40307685995938
          ],
          [
            16.17563150074294,
            40.39998857665068
          ]
        ]
      },
      "properties": {
        "tipo": "mule_track",
        "area_px": 3603,
        "lon_c": 16.173137,
        "lat_c": 40.403077
      }
    },
    {
      "type": "Feature",
      "geometry": {
        "type": "LineString",
        "coordinates": [
          [
            16.166270430906387,
            40.40649988576651
          ],
          [
            16.168578551834493,
            40.40475003928392
          ],
          [
            16.170653789004458,
            40.40227324651588
          ]
        ]
      },
      "properties": {
        "tipo": "mule_track",
        "area_px": 1768,
        "lon_c": 16.168579,
        "lat_c": 40.40475
      }
    },
    {
      "type": "Feature",
      "geometry": {
        "type": "LineString",
        "coordinates": [
          [
            16.137221396731054,
            40.40627141877999
          ],
          [
            16.156319570652,
            40.39371718296252
          ],
          [
            16.177934621099553,
            40.374742974640164
          ]
        ]
      },
      "properties": {
        "tipo": "mule_track",
        "area_px": 48713,
        "lon_c": 16.15632,
        "lat_c": 40.393717
      }
    },
    {
      "type": "Feature",
      "geometry": {
        "type": "LineString",
        "coordinates": [
          [
            16.00854383358098,
            40.40107379483665
          ],
          [
            16.00963658721767,
            40.39964874096069
          ],
          [
            16.01077265973254,
            40.397932373771994
          ]
        ]
      },
      "properties": {
        "tipo": "mule_track",
        "area_px": 638,
        "lon_c": 16.009637,
        "lat_c": 40.399649
      }
    },
    {
      "type": "Feature",
      "geometry": {
        "type": "LineString",
        "coordinates": [
          [
            16.00074294205052,
            40.40090244459676
          ],
          [
            16.00195919980396,
            40.399214968703944
          ],
          [
            16.00334323922734,
            40.39724697281243
          ]
        ]
      },
      "properties": {
        "tipo": "mule_track",
        "area_px": 1049,
        "lon_c": 16.001959,
        "lat_c": 40.399215
      }
    },
    {
      "type": "Feature",
      "geometry": {
        "type": "LineString",
        "coordinates": [
          [
            16.004383358098067,
            40.400788211103496
          ],
          [
            16.00559647016137,
            40.39935016417744
          ],
          [
            16.007280832095095,
            40.39821795750514
          ]
        ]
      },
      "properties": {
        "tipo": "mule_track",
        "area_px": 688,
        "lon_c": 16.005596,
        "lat_c": 40.39935
      }
    },
    {
      "type": "Feature",
      "geometry": {
        "type": "LineString",
        "coordinates": [
          [
            15.996508172362555,
            40.400559744116975
          ],
          [
            15.99931386247098,
            40.39865019643919
          ],
          [
            16.002897473997027,
            40.39587617089331
          ]
        ]
      },
      "properties": {
        "tipo": "mule_track",
        "area_px": 1508,
        "lon_c": 15.999314,
        "lat_c": 40.39865
      }
    },
    {
      "type": "Feature",
      "geometry": {
        "type": "LineString",
        "coordinates": [
          [
            16.010326894502228,
            40.39764679003884
          ],
          [
            16.011573701520945,
            40.396582108211206
          ],
          [
            16.012927191679047,
            40.395533470413525
          ]
        ]
      },
      "properties": {
        "tipo": "mule_track",
        "area_px": 445,
        "lon_c": 16.011574,
        "lat_c": 40.396582
      }
    },
    {
      "type": "Feature",
      "geometry": {
        "type": "LineString",
        "coordinates": [
          [
            16.01263001485884,
            40.38976467900388
          ],
          [
            16.013903270024358,
            40.3886942586191
          ],
          [
            16.0148588410104,
            40.38730865889879
          ]
        ]
      },
      "properties": {
        "tipo": "mule_track",
        "area_px": 413,
        "lon_c": 16.013903,
        "lat_c": 40.388694
      }
    },
    {
      "type": "Feature",
      "geometry": {
        "type": "LineString",
        "coordinates": [
          [
            15.958766716196136,
            40.383310486634684
          ],
          [
            15.960653148537173,
            40.382229601443285
          ],
          [
            15.962481426448736,
            40.38131140050263
          ]
        ]
      },
      "properties": {
        "tipo": "mule_track",
        "area_px": 580,
        "lon_c": 15.960653,
        "lat_c": 40.38223
      }
    },
    {
      "type": "Feature",
      "geometry": {
        "type": "LineString",
        "coordinates": [
          [
            15.964264487369984,
            40.38039753255655
          ],
          [
            15.965436906435839,
            40.37955355915276
          ],
          [
            15.966641901931649,
            40.37862691341101
          ]
        ]
      },
      "properties": {
        "tipo": "mule_track",
        "area_px": 447,
        "lon_c": 15.965437,
        "lat_c": 40.379554
      }
    },
    {
      "type": "Feature",
      "geometry": {
        "type": "LineString",
        "coordinates": [
          [
            15.978008915304606,
            40.378112862691346
          ],
          [
            15.979457056360298,
            40.37725389707257
          ],
          [
            15.981649331352154,
            40.37639936029244
          ]
        ]
      },
      "properties": {
        "tipo": "mule_track",
        "area_px": 748,
        "lon_c": 15.979457,
        "lat_c": 40.377254
      }
    },
    {
      "type": "Feature",
      "geometry": {
        "type": "LineString",
        "coordinates": [
          [
            16.148811292719166,
            40.375199908613205
          ],
          [
            16.15073442507816,
            40.37424735842602
          ],
          [
            16.15230312035661,
            40.37337217272104
          ]
        ]
      },
      "properties": {
        "tipo": "mule_track",
        "area_px": 567,
        "lon_c": 16.150734,
        "lat_c": 40.374247
      }
    },
    {
      "type": "Feature",
      "geometry": {
        "type": "LineString",
        "coordinates": [
          [
            16.15861812778603,
            40.372858122001375
          ],
          [
            16.161190467754544,
            40.370526039277934
          ],
          [
            16.16419019316493,
            40.36834589901759
          ]
        ]
      },
      "properties": {
        "tipo": "mule_track",
        "area_px": 1342,
        "lon_c": 16.16119,
        "lat_c": 40.370526
      }
    },
    {
      "type": "Feature",
      "geometry": {
        "type": "LineString",
        "coordinates": [
          [
            16.16404160475483,
            40.367603381311405
          ],
          [
            16.165094970734927,
            40.36575060910385
          ],
          [
            16.16634472511144,
            40.364347726753486
          ]
        ]
      },
      "properties": {
        "tipo": "mule_track",
        "area_px": 673,
        "lon_c": 16.165095,
        "lat_c": 40.365751
      }
    },
    {
      "type": "Feature",
      "geometry": {
        "type": "LineString",
        "coordinates": [
          [
            16.167607726597325,
            40.36463331048664
          ],
          [
            16.17011267530379,
            40.363060595000015
          ],
          [
            16.173254086181277,
            40.36166323966187
          ]
        ]
      },
      "properties": {
        "tipo": "mule_track",
        "area_px": 1168,
        "lon_c": 16.170113,
        "lat_c": 40.363061
      }
    },
    {
      "type": "Feature",
      "geometry": {
        "type": "LineString",
        "coordinates": [
          [
            16.174219910846954,
            40.36103495544894
          ],
          [
            16.176142125993536,
            40.35998484799033
          ],
          [
            16.178008915304606,
            40.35897875257026
          ]
        ]
      },
      "properties": {
        "tipo": "mule_track",
        "area_px": 693,
        "lon_c": 16.176142,
        "lat_c": 40.359985
      }
    },
    {
      "type": "Feature",
      "geometry": {
        "type": "LineString",
        "coordinates": [
          [
            16.003120356612182,
            40.359949737262966
          ],
          [
            16.004375174503128,
            40.35903031801322
          ],
          [
            16.006017830609213,
            40.35806488462418
          ]
        ]
      },
      "properties": {
        "tipo": "mule_track",
        "area_px": 463,
        "lon_c": 16.004375,
        "lat_c": 40.35903
      }
    },
    {
      "type": "Feature",
      "geometry": {
        "type": "LineString",
        "coordinates": [
          [
            16.18224368499257,
            40.359721270276445
          ],
          [
            16.183937305894432,
            40.3580203923945
          ],
          [
            16.18558692421991,
            40.3564084989719
          ]
        ]
      },
      "properties": {
        "tipo": "mule_track",
        "area_px": 466,
        "lon_c": 16.183937,
        "lat_c": 40.35802
      }
    },
    {
      "type": "Feature",
      "geometry": {
        "type": "LineString",
        "coordinates": [
          [
            15.98335809806835,
            40.35783641763766
          ],
          [
            15.984695113668032,
            40.35596653055547
          ],
          [
            15.986181277860327,
            40.354009595613434
          ]
        ]
      },
      "properties": {
        "tipo": "mule_track",
        "area_px": 1061,
        "lon_c": 15.984695,
        "lat_c": 40.355967
      }
    },
    {
      "type": "Feature",
      "geometry": {
        "type": "LineString",
        "coordinates": [
          [
            16.187964338781573,
            40.35326707790725
          ],
          [
            16.189504454517525,
            40.35198399959898
          ],
          [
            16.190936106983653,
            40.35086817454878
          ]
        ]
      },
      "properties": {
        "tipo": "mule_track",
        "area_px": 474,
        "lon_c": 16.189504,
        "lat_c": 40.351984
      }
    },
    {
      "type": "Feature",
      "geometry": {
        "type": "LineString",
        "coordinates": [
          [
            16.19450222882615,
            40.35241032670779
          ],
          [
            16.19606124173295,
            40.35122371696375
          ],
          [
            16.19821693907875,
            40.35006854009596
          ]
        ]
      },
      "properties": {
        "tipo": "mule_track",
        "area_px": 765,
        "lon_c": 16.196061,
        "lat_c": 40.351224
      }
    },
    {
      "type": "Feature",
      "geometry": {
        "type": "LineString",
        "coordinates": [
          [
            16.19160475482912,
            40.35195339273475
          ],
          [
            16.19262620774286,
            40.35121087502856
          ],
          [
            16.193833580980684,
            40.35029700708248
          ]
        ]
      },
      "properties": {
        "tipo": "mule_track",
        "area_px": 402,
        "lon_c": 16.192626,
        "lat_c": 40.351211
      }
    },
    {
      "type": "Feature",
      "geometry": {
        "type": "LineString",
        "coordinates": [
          [
            16.197994056463596,
            40.35132510852182
          ],
          [
            16.19913296213445,
            40.349810364032436
          ],
          [
            16.2,
            40.34789810372401
          ]
        ]
      },
      "properties": {
        "tipo": "mule_track",
        "area_px": 546,
        "lon_c": 16.199133,
        "lat_c": 40.34981
      }
    },
    {
      "type": "Feature",
      "geometry": {
        "type": "LineString",
        "coordinates": [
          [
            16.08187221396731,
            40.34601325108522
          ],
          [
            16.082979973830696,
            40.345262066410015
          ],
          [
            16.08454680534918,
            40.344471098926206
          ]
        ]
      },
      "properties": {
        "tipo": "mule_track",
        "area_px": 402,
        "lon_c": 16.08298,
        "lat_c": 40.345262
      }
    },
    {
      "type": "Feature",
      "geometry": {
        "type": "LineString",
        "coordinates": [
          [
            16.109881129271916,
            40.34195796207448
          ],
          [
            16.11194808953496,
            40.34112219955903
          ],
          [
            16.114190193164934,
            40.3404729266621
          ]
        ]
      },
      "properties": {
        "tipo": "mule_track",
        "area_px": 498,
        "lon_c": 16.111948,
        "lat_c": 40.341122
      }
    },
    {
      "type": "Feature",
      "geometry": {
        "type": "LineString",
        "coordinates": [
          [
            16.102303120356613,
            40.34127256111492
          ],
          [
            16.10385323982734,
            40.340451490923456
          ],
          [
            16.105349182763742,
            40.339444825222756
          ]
        ]
      },
      "properties": {
        "tipo": "mule_track",
        "area_px": 421,
        "lon_c": 16.103853,
        "lat_c": 40.340451
      }
    },
    {
      "type": "Feature",
      "geometry": {
        "type": "LineString",
        "coordinates": [
          [
            15.961069836552749,
            40.33893077450308
          ],
          [
            15.962258036128306,
            40.33808742427152
          ],
          [
            15.963521545319464,
            40.33721727210418
          ]
        ]
      },
      "properties": {
        "tipo": "mule_track",
        "area_px": 439,
        "lon_c": 15.962258,
        "lat_c": 40.338087
      }
    },
    {
      "type": "Feature",
      "geometry": {
        "type": "LineString",
        "coordinates": [
          [
            16.05817236255572,
            40.33716015535755
          ],
          [
            16.060597807587065,
            40.33531083562545
          ],
          [
            16.06337295690936,
            40.333333333333336
          ]
        ]
      },
      "properties": {
        "tipo": "mule_track",
        "area_px": 2379,
        "lon_c": 16.060598,
        "lat_c": 40.335311
      }
    },
    {
      "type": "Feature",
      "geometry": {
        "type": "LineString",
        "coordinates": [
          [
            16.258532934131736,
            40.49799334938654
          ],
          [
            16.260007023995488,
            40.496615283116384
          ],
          [
            16.261601796407184,
            40.49529870427703
          ]
        ]
      },
      "properties": {
        "tipo": "mule_track",
        "area_px": 552,
        "lon_c": 16.260007,
        "lat_c": 40.496615
      }
    },
    {
      "type": "Feature",
      "geometry": {
        "type": "LineString",
        "coordinates": [
          [
            16.30890718562874,
            40.49696135764247
          ],
          [
            16.310269694985028,
            40.495762009282714
          ],
          [
            16.311826347305388,
            40.494209379658294
          ]
        ]
      },
      "properties": {
        "tipo": "mule_track",
        "area_px": 704,
        "lon_c": 16.31027,
        "lat_c": 40.495762
      }
    },
    {
      "type": "Feature",
      "geometry": {
        "type": "LineString",
        "coordinates": [
          [
            16.311526946107783,
            40.49667469326912
          ],
          [
            16.312518884249847,
            40.49564861890891
          ],
          [
            16.313622754491018,
            40.494782708405
          ]
        ]
      },
      "properties": {
        "tipo": "mule_track",
        "area_px": 436,
        "lon_c": 16.312519,
        "lat_c": 40.495649
      }
    },
    {
      "type": "Feature",
      "geometry": {
        "type": "LineString",
        "coordinates": [
          [
            16.239670658682634,
            40.4963306960211
          ],
          [
            16.242909427781207,
            40.4948889413369
          ],
          [
            16.24580838323353,
            40.49340671941291
          ]
        ]
      },
      "properties": {
        "tipo": "mule_track",
        "area_px": 1115,
        "lon_c": 16.242909,
        "lat_c": 40.494889
      }
    },
    {
      "type": "Feature",
      "geometry": {
        "type": "LineString",
        "coordinates": [
          [
            16.27058383233533,
            40.49564270152506
          ],
          [
            16.273930839776757,
            40.4930682884634
          ],
          [
            16.27702095808383,
            40.49002407980736
          ]
        ]
      },
      "properties": {
        "tipo": "mule_track",
        "area_px": 1648,
        "lon_c": 16.273931,
        "lat_c": 40.493068
      }
    },
    {
      "type": "Feature",
      "geometry": {
        "type": "LineString",
        "coordinates": [
          [
            16.261826347305387,
            40.494381378282306
          ],
          [
            16.263491944682062,
            40.49353831201096
          ],
          [
            16.26504491017964,
            40.49254672629286
          ]
        ]
      },
      "properties": {
        "tipo": "mule_track",
        "area_px": 630,
        "lon_c": 16.263492,
        "lat_c": 40.493538
      }
    },
    {
      "type": "Feature",
      "geometry": {
        "type": "LineString",
        "coordinates": [
          [
            16.244610778443114,
            40.493464052287585
          ],
          [
            16.2464326609938,
            40.491915997615486
          ],
          [
            16.248727544910178,
            40.49008141268203
          ]
        ]
      },
      "properties": {
        "tipo": "mule_track",
        "area_px": 855,
        "lon_c": 16.246433,
        "lat_c": 40.491916
      }
    },
    {
      "type": "Feature",
      "geometry": {
        "type": "LineString",
        "coordinates": [
          [
            16.30943113772455,
            40.493464052287585
          ],
          [
            16.311343057435963,
            40.49155632045788
          ],
          [
            16.31369760479042,
            40.48904942093797
          ]
        ]
      },
      "properties": {
        "tipo": "mule_track",
        "area_px": 1318,
        "lon_c": 16.311343,
        "lat_c": 40.491556
      }
    },
    {
      "type": "Feature",
      "geometry": {
        "type": "LineString",
        "coordinates": [
          [
            16.265419161676647,
            40.4932347207889
          ],
          [
            16.267000433096072,
            40.49197952747615
          ],
          [
            16.268413173652693,
            40.490826740052746
          ]
        ]
      },
      "properties": {
        "tipo": "mule_track",
        "area_px": 636,
        "lon_c": 16.267,
        "lat_c": 40.49198
      }
    },
    {
      "type": "Feature",
      "geometry": {
        "type": "LineString",
        "coordinates": [
          [
            16.278667664670657,
            40.49185873179681
          ],
          [
            16.280727665706053,
            40.49094958441101
          ],
          [
            16.283008982035927,
            40.489966746932694
          ]
        ]
      },
      "properties": {
        "tipo": "mule_track",
        "area_px": 694,
        "lon_c": 16.280728,
        "lat_c": 40.49095
      }
    },
    {
      "type": "Feature",
      "geometry": {
        "type": "LineString",
        "coordinates": [
          [
            16.282859281437126,
            40.491514734548794
          ],
          [
            16.284503579971425,
            40.49040742615971
          ],
          [
            16.286601796407187,
            40.489106753812635
          ]
        ]
      },
      "properties": {
        "tipo": "mule_track",
        "area_px": 746,
        "lon_c": 16.284504,
        "lat_c": 40.490407
      }
    },
    {
      "type": "Feature",
      "geometry": {
        "type": "LineString",
        "coordinates": [
          [
            16.269236526946106,
            40.49128540305011
          ],
          [
            16.272500232351263,
            40.48963897916804
          ],
          [
            16.276047904191618,
            40.48847609219126
          ]
        ]
      },
      "properties": {
        "tipo": "mule_track",
        "area_px": 1353,
        "lon_c": 16.2725,
        "lat_c": 40.489639
      }
    },
    {
      "type": "Feature",
      "geometry": {
        "type": "LineString",
        "coordinates": [
          [
            16.229491017964072,
            40.490196078431374
          ],
          [
            16.23186858964132,
            40.48716785714698
          ],
          [
            16.234131736526944,
            40.48366013071895
          ]
        ]
      },
      "properties": {
        "tipo": "mule_track",
        "area_px": 1689,
        "lon_c": 16.231869,
        "lat_c": 40.487168
      }
    },
    {
      "type": "Feature",
      "geometry": {
        "type": "LineString",
        "coordinates": [
          [
            16.287949101796407,
            40.48939341818599
          ],
          [
            16.28961010432551,
            40.488360981310905
          ],
          [
            16.291242514970058,
            40.487100103199175
          ]
        ]
      },
      "properties": {
        "tipo": "mule_track",
        "area_px": 644,
        "lon_c": 16.28961,
        "lat_c": 40.488361
      }
    },
    {
      "type": "Feature",
      "geometry": {
        "type": "LineString",
        "coordinates": [
          [
            16.292215568862275,
            40.48767343194588
          ],
          [
            16.297904869608608,
            40.48528614609248
          ],
          [
            16.301796407185627,
            40.48211214310285
          ]
        ]
      },
      "properties": {
        "tipo": "mule_track",
        "area_px": 2208,
        "lon_c": 16.297905,
        "lat_c": 40.485286
      }
    },
    {
      "type": "Feature",
      "geometry": {
        "type": "LineString",
        "coordinates": [
          [
            16.221631736526945,
            40.48681343882582
          ],
          [
            16.22265205543968,
            40.48601296882509
          ],
          [
            16.224026946107784,
            40.48503611971104
          ]
        ]
      },
      "properties": {
        "tipo": "mule_track",
        "area_px": 445,
        "lon_c": 16.222652,
        "lat_c": 40.486013
      }
    },
    {
      "type": "Feature",
      "geometry": {
        "type": "LineString",
        "coordinates": [
          [
            16.309056886227545,
            40.48641210870313
          ],
          [
            16.31082292382448,
            40.48559652506386
          ],
          [
            16.312350299401196,
            40.48457745671368
          ]
        ]
      },
      "properties": {
        "tipo": "mule_track",
        "area_px": 488,
        "lon_c": 16.310823,
        "lat_c": 40.485597
      }
    },
    {
      "type": "Feature",
      "geometry": {
        "type": "LineString",
        "coordinates": [
          [
            16.309805389221555,
            40.485380116959064
          ],
          [
            16.315609257578018,
            40.474605388390515
          ],
          [
            16.323428143712576,
            40.46382295608302
          ]
        ]
      },
      "properties": {
        "tipo": "mule_track",
        "area_px": 12235,
        "lon_c": 16.315609,
        "lat_c": 40.474605
      }
    },
    {
      "type": "Feature",
      "geometry": {
        "type": "LineString",
        "coordinates": [
          [
            16.374326347305388,
            40.485322784084396
          ],
          [
            16.37561366318458,
            40.48378534236933
          ],
          [
            16.377170658682633,
            40.481596147230825
          ]
        ]
      },
      "properties": {
        "tipo": "mule_track",
        "area_px": 685,
        "lon_c": 16.375614,
        "lat_c": 40.483785
      }
    },
    {
      "type": "Feature",
      "geometry": {
        "type": "LineString",
        "coordinates": [
          [
            16.227769461077845,
            40.483832129342964
          ],
          [
            16.230601287947227,
            40.482020427890156
          ],
          [
            16.233607784431136,
            40.47976149524137
          ]
        ]
      },
      "properties": {
        "tipo": "mule_track",
        "area_px": 1319,
        "lon_c": 16.230601,
        "lat_c": 40.48202
      }
    },
    {
      "type": "Feature",
      "geometry": {
        "type": "LineString",
        "coordinates": [
          [
            16.30306886227545,
            40.48320146772159
          ],
          [
            16.30578648179146,
            40.48163993170283
          ],
          [
            16.308607784431135,
            40.47964682949203
          ]
        ]
      },
      "properties": {
        "tipo": "mule_track",
        "area_px": 1041,
        "lon_c": 16.305786,
        "lat_c": 40.48164
      }
    },
    {
      "type": "Feature",
      "geometry": {
        "type": "LineString",
        "coordinates": [
          [
            16.272979041916166,
            40.48285747047357
          ],
          [
            16.274078791192668,
            40.48185025061745
          ],
          [
            16.2752245508982,
            40.480965485609445
          ]
        ]
      },
      "properties": {
        "tipo": "mule_track",
        "area_px": 449,
        "lon_c": 16.274079,
        "lat_c": 40.48185
      }
    },
    {
      "type": "Feature",
      "geometry": {
        "type": "LineString",
        "coordinates": [
          [
            16.271107784431138,
            40.480277491113405
          ],
          [
            16.27218624677251,
            40.479276138267956
          ],
          [
            16.273353293413173,
            40.47804150900126
          ]
        ]
      },
      "properties": {
        "tipo": "mule_track",
        "area_px": 436,
        "lon_c": 16.272186,
        "lat_c": 40.479276
      }
    },
    {
      "type": "Feature",
      "geometry": {
        "type": "LineString",
        "coordinates": [
          [
            16.20329341317365,
            40.480048159614725
          ],
          [
            16.204861312617055,
            40.478930715788735
          ],
          [
            16.206586826347305,
            40.4775828460039
          ]
        ]
      },
      "properties": {
        "tipo": "mule_track",
        "area_px": 681,
        "lon_c": 16.204861,
        "lat_c": 40.478931
      }
    },
    {
      "type": "Feature",
      "geometry": {
        "type": "LineString",
        "coordinates": [
          [
            16.237200598802396,
            40.47941749799335
          ],
          [
            16.2382384955364,
            40.478194711682846
          ],
          [
            16.23944610778443,
            40.477009517257194
          ]
        ]
      },
      "properties": {
        "tipo": "mule_track",
        "area_px": 546,
        "lon_c": 16.238238,
        "lat_c": 40.478195
      }
    },
    {
      "type": "Feature",
      "geometry": {
        "type": "LineString",
        "coordinates": [
          [
            16.241242514970057,
            40.4781561747506
          ],
          [
            16.24268129368213,
            40.47580069848108
          ],
          [
            16.244161676646705,
            40.4729388831556
          ]
        ]
      },
      "properties": {
        "tipo": "mule_track",
        "area_px": 1603,
        "lon_c": 16.242681,
        "lat_c": 40.475801
      }
    },
    {
      "type": "Feature",
      "geometry": {
        "type": "LineString",
        "coordinates": [
          [
            16.20883233532934,
            40.477640178878566
          ],
          [
            16.210085693715207,
            40.47602914191349
          ],
          [
            16.211601796407184,
            40.47465886939571
          ]
        ]
      },
      "properties": {
        "tipo": "mule_track",
        "area_px": 682,
        "lon_c": 16.210086,
        "lat_c": 40.476029
      }
    },
    {
      "type": "Feature",
      "geometry": {
        "type": "LineString",
        "coordinates": [
          [
            16.204865269461077,
            40.476722852883846
          ],
          [
            16.206484600243957,
            40.47474531109101
          ],
          [
            16.208532934131735,
            40.47276688453159
          ]
        ]
      },
      "properties": {
        "tipo": "mule_track",
        "area_px": 1296,
        "lon_c": 16.206485,
        "lat_c": 40.474745
      }
    },
    {
      "type": "Feature",
      "geometry": {
        "type": "LineString",
        "coordinates": [
          [
            16.212275449101796,
            40.475002866643734
          ],
          [
            16.21417611990096,
            40.4740675505681
          ],
          [
            16.216017964071856,
            40.47305354890494
          ]
        ]
      },
      "properties": {
        "tipo": "mule_track",
        "area_px": 682,
        "lon_c": 16.214176,
        "lat_c": 40.474068
      }
    },
    {
      "type": "Feature",
      "geometry": {
        "type": "LineString",
        "coordinates": [
          [
            16.21571856287425,
            40.47328288040362
          ],
          [
            16.216809057429934,
            40.47236749789617
          ],
          [
            16.217889221556884,
            40.47133356266483
          ]
        ]
      },
      "properties": {
        "tipo": "mule_track",
        "area_px": 413,
        "lon_c": 16.216809,
        "lat_c": 40.472367
      }
    },
    {
      "type": "Feature",
      "geometry": {
        "type": "LineString",
        "coordinates": [
          [
            16.204191616766465,
            40.47248022015824
          ],
          [
            16.208151310117106,
            40.46883148616246
          ],
          [
            16.21070359281437,
            40.466402935443185
          ]
        ]
      },
      "properties": {
        "tipo": "mule_track",
        "area_px": 2528,
        "lon_c": 16.208151,
        "lat_c": 40.468831
      }
    },
    {
      "type": "Feature",
      "geometry": {
        "type": "LineString",
        "coordinates": [
          [
            16.235329341317364,
            40.47242288728357
          ],
          [
            16.237657261235103,
            40.471022988910846
          ],
          [
            16.240269461077844,
            40.469728242174064
          ]
        ]
      },
      "properties": {
        "tipo": "mule_track",
        "area_px": 693,
        "lon_c": 16.237657,
        "lat_c": 40.471023
      }
    },
    {
      "type": "Feature",
      "geometry": {
        "type": "LineString",
        "coordinates": [
          [
            16.24079341317365,
            40.47219355578489
          ],
          [
            16.242025160205902,
            40.47035207467186
          ],
          [
            16.24318862275449,
            40.468352253181976
          ]
        ]
      },
      "properties": {
        "tipo": "mule_track",
        "area_px": 1083,
        "lon_c": 16.242025,
        "lat_c": 40.470352
      }
    },
    {
      "type": "Feature",
      "geometry": {
        "type": "LineString",
        "coordinates": [
          [
            16.219311377245507,
            40.47127622979016
          ],
          [
            16.222958932223737,
            40.46864522046395
          ],
          [
            16.226721556886226,
            40.466861598440545
          ]
        ]
      },
      "properties": {
        "tipo": "mule_track",
        "area_px": 1701,
        "lon_c": 16.222959,
        "lat_c": 40.468645
      }
    },
    {
      "type": "Feature",
      "geometry": {
        "type": "LineString",
        "coordinates": [
          [
            16.227095808383233,
            40.468409586056644
          ],
          [
            16.229831139607576,
            40.46730475632086
          ],
          [
            16.232934131736528,
            40.46565760807247
          ]
        ]
      },
      "properties": {
        "tipo": "mule_track",
        "area_px": 1272,
        "lon_c": 16.229831,
        "lat_c": 40.467305
      }
    },
    {
      "type": "Feature",
      "geometry": {
        "type": "LineString",
        "coordinates": [
          [
            16.24139221556886,
            40.46823758743263
          ],
          [
            16.242475878203106,
            40.46712957740333
          ],
          [
            16.2437874251497,
            40.46594427244582
          ]
        ]
      },
      "properties": {
        "tipo": "mule_track",
        "area_px": 494,
        "lon_c": 16.242476,
        "lat_c": 40.46713
      }
    },
    {
      "type": "Feature",
      "geometry": {
        "type": "LineString",
        "coordinates": [
          [
            16.383458083832334,
            40.46651760119252
          ],
          [
            16.384633673828812,
            40.46529141745361
          ],
          [
            16.385853293413174,
            40.4640522875817
          ]
        ]
      },
      "properties": {
        "tipo": "mule_track",
        "area_px": 527,
        "lon_c": 16.384634,
        "lat_c": 40.465291
      }
    },
    {
      "type": "Feature",
      "geometry": {
        "type": "LineString",
        "coordinates": [
          [
            16.242440119760477,
            40.46577227382181
          ],
          [
            16.24385641655985,
            40.46465950317126
          ],
          [
            16.245134730538922,
            40.46365095745901
          ]
        ]
      },
      "properties": {
        "tipo": "mule_track",
        "area_px": 626,
        "lon_c": 16.243856,
        "lat_c": 40.46466
      }
    },
    {
      "type": "Feature",
      "geometry": {
        "type": "LineString",
        "coordinates": [
          [
            16.238398203592812,
            40.46479761495242
          ],
          [
            16.239745971735047,
            40.4638321718774
          ],
          [
            16.24139221556886,
            40.46256163284027
          ]
        ]
      },
      "properties": {
        "tipo": "mule_track",
        "area_px": 647,
        "lon_c": 16.239746,
        "lat_c": 40.463832
      }
    },
    {
      "type": "Feature",
      "geometry": {
        "type": "LineString",
        "coordinates": [
          [
            16.27133233532934,
            40.46468294920307
          ],
          [
            16.27233422044799,
            40.46363467775385
          ],
          [
            16.273652694610778,
            40.46273363146428
          ]
        ]
      },
      "properties": {
        "tipo": "mule_track",
        "area_px": 405,
        "lon_c": 16.272334,
        "lat_c": 40.463635
      }
    },
    {
      "type": "Feature",
      "geometry": {
        "type": "LineString",
        "coordinates": [
          [
            16.208008982035928,
            40.46399495470703
          ],
          [
            16.20921465112264,
            40.46262975369136
          ],
          [
            16.210479041916166,
            40.46101364522417
          ]
        ]
      },
      "properties": {
        "tipo": "mule_track",
        "area_px": 659,
        "lon_c": 16.209215,
        "lat_c": 40.46263
      }
    },
    {
      "type": "Feature",
      "geometry": {
        "type": "LineString",
        "coordinates": [
          [
            16.245134730538922,
            40.463536291709666
          ],
          [
            16.246372804629974,
            40.462674104029816
          ],
          [
            16.247679640718562,
            40.4619309712189
          ]
        ]
      },
      "properties": {
        "tipo": "mule_track",
        "area_px": 418,
        "lon_c": 16.246373,
        "lat_c": 40.462674
      }
    },
    {
      "type": "Feature",
      "geometry": {
        "type": "LineString",
        "coordinates": [
          [
            16.24079341317365,
            40.46302029583764
          ],
          [
            16.24231966043343,
            40.46215720364327
          ],
          [
            16.2437874251497,
            40.46101364522417
          ]
        ]
      },
      "properties": {
        "tipo": "mule_track",
        "area_px": 407,
        "lon_c": 16.24232,
        "lat_c": 40.462157
      }
    },
    {
      "type": "Feature",
      "geometry": {
        "type": "LineString",
        "coordinates": [
          [
            16.32694610778443,
            40.46256163284027
          ],
          [
            16.329189922955813,
            40.46116840691711
          ],
          [
            16.331661676646707,
            40.459809654856095
          ]
        ]
      },
      "properties": {
        "tipo": "mule_track",
        "area_px": 928,
        "lon_c": 16.32919,
        "lat_c": 40.461168
      }
    },
    {
      "type": "Feature",
      "geometry": {
        "type": "LineString",
        "coordinates": [
          [
            16.392964071856287,
            40.4619309712189
          ],
          [
            16.39440836160636,
            40.460957347706156
          ],
          [
            16.39565868263473,
            40.45992432060544
          ]
        ]
      },
      "properties": {
        "tipo": "mule_track",
        "area_px": 443,
        "lon_c": 16.394408,
        "lat_c": 40.460957
      }
    },
    {
      "type": "Feature",
      "geometry": {
        "type": "LineString",
        "coordinates": [
          [
            16.210329341317365,
            40.46164430684554
          ],
          [
            16.21179021737945,
            40.46050381080862
          ],
          [
            16.21332335329341,
            40.45923632610939
          ]
        ]
      },
      "properties": {
        "tipo": "mule_track",
        "area_px": 549,
        "lon_c": 16.21179,
        "lat_c": 40.460504
      }
    },
    {
      "type": "Feature",
      "geometry": {
        "type": "LineString",
        "coordinates": [
          [
            16.248577844311377,
            40.46170163972022
          ],
          [
            16.250273721787195,
            40.460796397731386
          ],
          [
            16.252619760479043,
            40.45963765623208
          ]
        ]
      },
      "properties": {
        "tipo": "mule_track",
        "area_px": 650,
        "lon_c": 16.250274,
        "lat_c": 40.460796
      }
    },
    {
      "type": "Feature",
      "geometry": {
        "type": "LineString",
        "coordinates": [
          [
            16.242065868263474,
            40.46078431372549
          ],
          [
            16.244685917739808,
            40.45857622328211
          ],
          [
            16.24760479041916,
            40.456255016626535
          ]
        ]
      },
      "properties": {
        "tipo": "mule_track",
        "area_px": 1554,
        "lon_c": 16.244686,
        "lat_c": 40.458576
      }
    },
    {
      "type": "Feature",
      "geometry": {
        "type": "LineString",
        "coordinates": [
          [
            16.33203592814371,
            40.4603829836028
          ],
          [
            16.334032245426503,
            40.45928734131192
          ],
          [
            16.33577844311377,
            40.45763100561862
          ]
        ]
      },
      "properties": {
        "tipo": "mule_track",
        "area_px": 726,
        "lon_c": 16.334032,
        "lat_c": 40.459287
      }
    },
    {
      "type": "Feature",
      "geometry": {
        "type": "LineString",
        "coordinates": [
          [
            16.336526946107785,
            40.4588349959867
          ],
          [
            16.339329109353177,
            40.45696902156412
          ],
          [
            16.341766467065867,
            40.45482169475978
          ]
        ]
      },
      "properties": {
        "tipo": "mule_track",
        "area_px": 1252,
        "lon_c": 16.339329,
        "lat_c": 40.456969
      }
    },
    {
      "type": "Feature",
      "geometry": {
        "type": "LineString",
        "coordinates": [
          [
            16.25329341317365,
            40.458720330237355
          ],
          [
            16.25510343957056,
            40.45757333349617
          ],
          [
            16.25681137724551,
            40.456541680999884
          ]
        ]
      },
      "properties": {
        "tipo": "mule_track",
        "area_px": 676,
        "lon_c": 16.255103,
        "lat_c": 40.457573
      }
    },
    {
      "type": "Feature",
      "geometry": {
        "type": "LineString",
        "coordinates": [
          [
            16.27821856287425,
            40.45797500286665
          ],
          [
            16.279388021477704,
            40.45613454651591
          ],
          [
            16.280838323353294,
            40.454248366013076
          ]
        ]
      },
      "properties": {
        "tipo": "mule_track",
        "area_px": 968,
        "lon_c": 16.279388,
        "lat_c": 40.456135
      }
    },
    {
      "type": "Feature",
      "geometry": {
        "type": "LineString",
        "coordinates": [
          [
            16.247155688622755,
            40.45682834537324
          ],
          [
            16.251807762552733,
            40.45366242312317
          ],
          [
            16.25696107784431,
            40.45115239078088
          ]
        ]
      },
      "properties": {
        "tipo": "mule_track",
        "area_px": 2518,
        "lon_c": 16.251808,
        "lat_c": 40.453662
      }
    },
    {
      "type": "Feature",
      "geometry": {
        "type": "LineString",
        "coordinates": [
          [
            16.256362275449103,
            40.45636968237587
          ],
          [
            16.25743070596396,
            40.45531586889937
          ],
          [
            16.258532934131736,
            40.453847035890384
          ]
        ]
      },
      "properties": {
        "tipo": "mule_track",
        "area_px": 423,
        "lon_c": 16.257431,
        "lat_c": 40.455316
      }
    },
    {
      "type": "Feature",
      "geometry": {
        "type": "LineString",
        "coordinates": [
          [
            16.281511976047902,
            40.45642701525055
          ],
          [
            16.283581535244977,
            40.454745397258876
          ],
          [
            16.285479041916165,
            40.45333104001835
          ]
        ]
      },
      "properties": {
        "tipo": "mule_track",
        "area_px": 653,
        "lon_c": 16.283582,
        "lat_c": 40.454745
      }
    },
    {
      "type": "Feature",
      "geometry": {
        "type": "LineString",
        "coordinates": [
          [
            16.286526946107784,
            40.45487902763445
          ],
          [
            16.287763914870414,
            40.45360051352975
          ],
          [
            16.289296407185628,
            40.45241371402362
          ]
        ]
      },
      "properties": {
        "tipo": "mule_track",
        "area_px": 637,
        "lon_c": 16.287764,
        "lat_c": 40.453601
      }
    },
    {
      "type": "Feature",
      "geometry": {
        "type": "LineString",
        "coordinates": [
          [
            16.255763473053893,
            40.453388372893016
          ],
          [
            16.25749481067451,
            40.44993183381292
          ],
          [
            16.259056886227544,
            40.44702442380461
          ]
        ]
      },
      "properties": {
        "tipo": "mule_track",
        "area_px": 2028,
        "lon_c": 16.257495,
        "lat_c": 40.449932
      }
    },
    {
      "type": "Feature",
      "geometry": {
        "type": "LineString",
        "coordinates": [
          [
            16.258458083832334,
            40.44731108817796
          ],
          [
            16.26279426553958,
            40.4429189731186
          ],
          [
            16.267889221556885,
            40.43962848297214
          ]
        ]
      },
      "properties": {
        "tipo": "mule_track",
        "area_px": 3906,
        "lon_c": 16.262794,
        "lat_c": 40.442919
      }
    },
    {
      "type": "Feature",
      "geometry": {
        "type": "LineString",
        "coordinates": [
          [
            16.35748502994012,
            40.446164430684554
          ],
          [
            16.358690302322184,
            40.44544721040606
          ],
          [
            16.36002994011976,
            40.444616443068455
          ]
        ]
      },
      "properties": {
        "tipo": "mule_track",
        "area_px": 410,
        "lon_c": 16.35869,
        "lat_c": 40.445447
      }
    },
    {
      "type": "Feature",
      "geometry": {
        "type": "LineString",
        "coordinates": [
          [
            16.269685628742515,
            40.44507510606582
          ],
          [
            16.272608545216176,
            40.442368311655166
          ],
          [
            16.275374251497006,
            40.44043114321752
          ]
        ]
      },
      "properties": {
        "tipo": "mule_track",
        "area_px": 2133,
        "lon_c": 16.272609,
        "lat_c": 40.442368
      }
    },
    {
      "type": "Feature",
      "geometry": {
        "type": "LineString",
        "coordinates": [
          [
            16.26631736526946,
            40.444616443068455
          ],
          [
            16.2684076078612,
            40.44302709737866
          ],
          [
            16.270059880239522,
            40.44117647058824
          ]
        ]
      },
      "properties": {
        "tipo": "mule_track",
        "area_px": 1170,
        "lon_c": 16.268408,
        "lat_c": 40.443027
      }
    },
    {
      "type": "Feature",
      "geometry": {
        "type": "LineString",
        "coordinates": [
          [
            16.35935628742515,
            40.44455911019379
          ],
          [
            16.360873607514698,
            40.4432245067565
          ],
          [
            16.363098802395207,
            40.4416351335856
          ]
        ]
      },
      "properties": {
        "tipo": "mule_track",
        "area_px": 888,
        "lon_c": 16.360874,
        "lat_c": 40.443225
      }
    },
    {
      "type": "Feature",
      "geometry": {
        "type": "LineString",
        "coordinates": [
          [
            16.25389221556886,
            40.44324045407637
          ],
          [
            16.25508351368217,
            40.4422871520206
          ],
          [
            16.2562125748503,
            40.441291136337576
          ]
        ]
      },
      "properties": {
        "tipo": "mule_track",
        "area_px": 451,
        "lon_c": 16.255084,
        "lat_c": 40.442287
      }
    },
    {
      "type": "Feature",
      "geometry": {
        "type": "LineString",
        "coordinates": [
          [
            16.25127245508982,
            40.44278179107901
          ],
          [
            16.252295348327735,
            40.44196626589589
          ],
          [
            16.25329341317365,
            40.44117647058824
          ]
        ]
      },
      "properties": {
        "tipo": "mule_track",
        "area_px": 410,
        "lon_c": 16.252295,
        "lat_c": 40.441966
      }
    },
    {
      "type": "Feature",
      "geometry": {
        "type": "LineString",
        "coordinates": [
          [
            16.274775449101796,
            40.44249512670565
          ],
          [
            16.27804089673414,
            40.44096834873583
          ],
          [
            16.281661676646706,
            40.439743148721476
          ]
        ]
      },
      "properties": {
        "tipo": "mule_track",
        "area_px": 1630,
        "lon_c": 16.278041,
        "lat_c": 40.440968
      }
    },
    {
      "type": "Feature",
      "geometry": {
        "type": "LineString",
        "coordinates": [
          [
            16.2312874251497,
            40.4422084623323
          ],
          [
            16.234626932279596,
            40.44027880387174
          ],
          [
            16.2376497005988,
            40.43830982685472
          ]
        ]
      },
      "properties": {
        "tipo": "mule_track",
        "area_px": 1429,
        "lon_c": 16.234627,
        "lat_c": 40.440279
      }
    },
    {
      "type": "Feature",
      "geometry": {
        "type": "LineString",
        "coordinates": [
          [
            16.281062874251496,
            40.4422084623323
          ],
          [
            16.284470155005014,
            40.44044920446237
          ],
          [
            16.287275449101795,
            40.4385391583534
          ]
        ]
      },
      "properties": {
        "tipo": "mule_track",
        "area_px": 1857,
        "lon_c": 16.28447,
        "lat_c": 40.440449
      }
    },
    {
      "type": "Feature",
      "geometry": {
        "type": "LineString",
        "coordinates": [
          [
            16.221407185628742,
            40.44192179795895
          ],
          [
            16.22378296212855,
            40.4405403847345
          ],
          [
            16.225823353293414,
            40.438653824102744
          ]
        ]
      },
      "properties": {
        "tipo": "mule_track",
        "area_px": 909,
        "lon_c": 16.223783,
        "lat_c": 40.44054
      }
    },
    {
      "type": "Feature",
      "geometry": {
        "type": "LineString",
        "coordinates": [
          [
            16.24760479041916,
            40.441348469212244
          ],
          [
            16.249236854476376,
            40.440057262038685
          ],
          [
            16.25074850299401,
            40.438653824102744
          ]
        ]
      },
      "properties": {
        "tipo": "mule_track",
        "area_px": 777,
        "lon_c": 16.249237,
        "lat_c": 40.440057
      }
    },
    {
      "type": "Feature",
      "geometry": {
        "type": "LineString",
        "coordinates": [
          [
            16.242440119760477,
            40.44043114321752
          ],
          [
            16.243460201898362,
            40.43962367086036
          ],
          [
            16.244610778443114,
            40.438653824102744
          ]
        ]
      },
      "properties": {
        "tipo": "mule_track",
        "area_px": 417,
        "lon_c": 16.24346,
        "lat_c": 40.439624
      }
    },
    {
      "type": "Feature",
      "geometry": {
        "type": "LineString",
        "coordinates": [
          [
            16.2186377245509,
            40.43980048159615
          ],
          [
            16.220315563563137,
            40.43903536677311
          ],
          [
            16.222455089820357,
            40.43825249398005
          ]
        ]
      },
      "properties": {
        "tipo": "mule_track",
        "area_px": 565,
        "lon_c": 16.220316,
        "lat_c": 40.439035
      }
    },
    {
      "type": "Feature",
      "geometry": {
        "type": "LineString",
        "coordinates": [
          [
            16.287275449101795,
            40.43980048159615
          ],
          [
            16.288496187022048,
            40.43891329864032
          ],
          [
            16.29004491017964,
            40.43790849673203
          ]
        ]
      },
      "properties": {
        "tipo": "mule_track",
        "area_px": 563,
        "lon_c": 16.288496,
        "lat_c": 40.438913
      }
    },
    {
      "type": "Feature",
      "geometry": {
        "type": "LineString",
        "coordinates": [
          [
            16.226571856287425,
            40.439571150097464
          ],
          [
            16.229413718280473,
            40.43794375727766
          ],
          [
            16.232634730538923,
            40.43613117761725
          ]
        ]
      },
      "properties": {
        "tipo": "mule_track",
        "area_px": 1039,
        "lon_c": 16.229414,
        "lat_c": 40.437944
      }
    },
    {
      "type": "Feature",
      "geometry": {
        "type": "LineString",
        "coordinates": [
          [
            16.28997005988024,
            40.43859649122807
          ],
          [
            16.292713789926776,
            40.43578648081691
          ],
          [
            16.295134730538923,
            40.43320720100906
          ]
        ]
      },
      "properties": {
        "tipo": "mule_track",
        "area_px": 1885,
        "lon_c": 16.292714,
        "lat_c": 40.435786
      }
    },
    {
      "type": "Feature",
      "geometry": {
        "type": "LineString",
        "coordinates": [
          [
            16.209505988023952,
            40.43595917899324
          ],
          [
            16.210843544698683,
            40.43515284843137
          ],
          [
            16.212425149700596,
            40.43418185987846
          ]
        ]
      },
      "properties": {
        "tipo": "mule_track",
        "area_px": 453,
        "lon_c": 16.210844,
        "lat_c": 40.435153
      }
    },
    {
      "type": "Feature",
      "geometry": {
        "type": "LineString",
        "coordinates": [
          [
            16.240419161676645,
            40.43395252837978
          ],
          [
            16.24223958308443,
            40.432012316181336
          ],
          [
            16.24431137724551,
            40.43034055727554
          ]
        ]
      },
      "properties": {
        "tipo": "mule_track",
        "area_px": 1253,
        "lon_c": 16.24224,
        "lat_c": 40.432012
      }
    },
    {
      "type": "Feature",
      "geometry": {
        "type": "LineString",
        "coordinates": [
          [
            16.295733532934133,
            40.43343653250774
          ],
          [
            16.297603638876094,
            40.432607300680054
          ],
          [
            16.29955089820359,
            40.431372549019606
          ]
        ]
      },
      "properties": {
        "tipo": "mule_track",
        "area_px": 520,
        "lon_c": 16.297604,
        "lat_c": 40.432607
      }
    },
    {
      "type": "Feature",
      "geometry": {
        "type": "LineString",
        "coordinates": [
          [
            16.308458083832335,
            40.43165921339296
          ],
          [
            16.31455366787595,
            40.429184116266185
          ],
          [
            16.320883233532932,
            40.42615525742461
          ]
        ]
      },
      "properties": {
        "tipo": "mule_track",
        "area_px": 3897,
        "lon_c": 16.314554,
        "lat_c": 40.429184
      }
    },
    {
      "type": "Feature",
      "geometry": {
        "type": "LineString",
        "coordinates": [
          [
            16.299775449101794,
            40.43148721476895
          ],
          [
            16.30418636186531,
            40.430053631108244
          ],
          [
            16.30830838323353,
            40.428735236784775
          ]
        ]
      },
      "properties": {
        "tipo": "mule_track",
        "area_px": 1752,
        "lon_c": 16.304186,
        "lat_c": 40.430054
      }
    },
    {
      "type": "Feature",
      "geometry": {
        "type": "LineString",
        "coordinates": [
          [
            16.297829341317364,
            40.430684554523566
          ],
          [
            16.299108616480023,
            40.429974619428556
          ],
          [
            16.300299401197606,
            40.429193899782135
          ]
        ]
      },
      "properties": {
        "tipo": "mule_track",
        "area_px": 439,
        "lon_c": 16.299109,
        "lat_c": 40.429975
      }
    },
    {
      "type": "Feature",
      "geometry": {
        "type": "LineString",
        "coordinates": [
          [
            16.37065868263473,
            40.42707258341933
          ],
          [
            16.371876143001952,
            40.42581126017659
          ],
          [
            16.37305389221557,
            40.4244352711845
          ]
        ]
      },
      "properties": {
        "tipo": "mule_track",
        "area_px": 573,
        "lon_c": 16.371876,
        "lat_c": 40.425811
      }
    },
    {
      "type": "Feature",
      "geometry": {
        "type": "LineString",
        "coordinates": [
          [
            16.334880239520956,
            40.42179795894966
          ],
          [
            16.33683832335329,
            40.42056759545924
          ],
          [
            16.338547904191618,
            40.41944731108818
          ]
        ]
      },
      "properties": {
        "tipo": "mule_track",
        "area_px": 600,
        "lon_c": 16.336838,
        "lat_c": 40.420568
      }
    },
    {
      "type": "Feature",
      "geometry": {
        "type": "LineString",
        "coordinates": [
          [
            16.34618263473054,
            40.42093796582961
          ],
          [
            16.3473376201334,
            40.41971030779796
          ],
          [
            16.349700598802393,
            40.41789932347208
          ]
        ]
      },
      "properties": {
        "tipo": "mule_track",
        "area_px": 562,
        "lon_c": 16.347338,
        "lat_c": 40.41971
      }
    },
    {
      "type": "Feature",
      "geometry": {
        "type": "LineString",
        "coordinates": [
          [
            16.264595808383234,
            40.41956197683752
          ],
          [
            16.266661416862586,
            40.4180440236883
          ],
          [
            16.268263473053892,
            40.416809998853346
          ]
        ]
      },
      "properties": {
        "tipo": "mule_track",
        "area_px": 922,
        "lon_c": 16.266661,
        "lat_c": 40.418044
      }
    },
    {
      "type": "Feature",
      "geometry": {
        "type": "LineString",
        "coordinates": [
          [
            16.316541916167665,
            40.41944731108818
          ],
          [
            16.318088109495296,
            40.41849799938443
          ],
          [
            16.319760479041914,
            40.417497993349386
          ]
        ]
      },
      "properties": {
        "tipo": "mule_track",
        "area_px": 665,
        "lon_c": 16.318088,
        "lat_c": 40.418498
      }
    },
    {
      "type": "Feature",
      "geometry": {
        "type": "LineString",
        "coordinates": [
          [
            16.369161676646705,
            40.41635133585598
          ],
          [
            16.371116357275824,
            40.41518216458696
          ],
          [
            16.37305389221557,
            40.413771356495815
          ]
        ]
      },
      "properties": {
        "tipo": "mule_track",
        "area_px": 1039,
        "lon_c": 16.371116,
        "lat_c": 40.415182
      }
    },
    {
      "type": "Feature",
      "geometry": {
        "type": "LineString",
        "coordinates": [
          [
            16.374326347305388,
            40.41428735236785
          ],
          [
            16.375784431137724,
            40.41348851431411
          ],
          [
            16.37806886227545,
            40.41262469900241
          ]
        ]
      },
      "properties": {
        "tipo": "mule_track",
        "area_px": 450,
        "lon_c": 16.375784,
        "lat_c": 40.413489
      }
    },
    {
      "type": "Feature",
      "geometry": {
        "type": "LineString",
        "coordinates": [
          [
            16.2562125748503,
            40.41113404426098
          ],
          [
            16.259237704366548,
            40.41029466520822
          ],
          [
            16.261077844311377,
            40.40947139089554
          ]
        ]
      },
      "properties": {
        "tipo": "mule_track",
        "area_px": 623,
        "lon_c": 16.259238,
        "lat_c": 40.410295
      }
    },
    {
      "type": "Feature",
      "geometry": {
        "type": "LineString",
        "coordinates": [
          [
            16.39064371257485,
            40.41073271413829
          ],
          [
            16.393974092631062,
            40.40943075085785
          ],
          [
            16.39708083832335,
            40.40815273477812
          ]
        ]
      },
      "properties": {
        "tipo": "mule_track",
        "area_px": 1470,
        "lon_c": 16.393974,
        "lat_c": 40.409431
      }
    },
    {
      "type": "Feature",
      "geometry": {
        "type": "LineString",
        "coordinates": [
          [
            16.291841317365268,
            40.40614608416466
          ],
          [
            16.29289642131345,
            40.40477945988894
          ],
          [
            16.293937125748503,
            40.403680770553834
          ]
        ]
      },
      "properties": {
        "tipo": "mule_track",
        "area_px": 551,
        "lon_c": 16.292896,
        "lat_c": 40.404779
      }
    },
    {
      "type": "Feature",
      "geometry": {
        "type": "LineString",
        "coordinates": [
          [
            16.212874251497006,
            40.40465542942323
          ],
          [
            16.214441750594446,
            40.4024091170634
          ],
          [
            16.216167664670657,
            40.399896800825594
          ]
        ]
      },
      "properties": {
        "tipo": "mule_track",
        "area_px": 1443,
        "lon_c": 16.214442,
        "lat_c": 40.402409
      }
    },
    {
      "type": "Feature",
      "geometry": {
        "type": "LineString",
        "coordinates": [
          [
            16.417365269461076,
            40.40442609792455
          ],
          [
            16.418647080838323,
            40.40325337188969
          ],
          [
            16.42020958083832,
            40.40155945419104
          ]
        ]
      },
      "properties": {
        "tipo": "mule_track",
        "area_px": 640,
        "lon_c": 16.418647,
        "lat_c": 40.403253
      }
    },
    {
      "type": "Feature",
      "geometry": {
        "type": "LineString",
        "coordinates": [
          [
            16.42058383233533,
            40.40396743492719
          ],
          [
            16.421557634730537,
            40.40329191033138
          ],
          [
            16.422904191616766,
            40.40264877880977
          ]
        ]
      },
      "properties": {
        "tipo": "mule_track",
        "area_px": 400,
        "lon_c": 16.421558,
        "lat_c": 40.403292
      }
    },
    {
      "type": "Feature",
      "geometry": {
        "type": "LineString",
        "coordinates": [
          [
            16.427844311377246,
            40.401846118564386
          ],
          [
            16.429574113575423,
            40.40079591809618
          ],
          [
            16.431736526946107,
            40.39972480220158
          ]
        ]
      },
      "properties": {
        "tipo": "mule_track",
        "area_px": 699,
        "lon_c": 16.429574,
        "lat_c": 40.400796
      }
    },
    {
      "type": "Feature",
      "geometry": {
        "type": "LineString",
        "coordinates": [
          [
            16.44431137724551,
            40.40173145281504
          ],
          [
            16.44627254730785,
            40.399173664926906
          ],
          [
            16.447754491017964,
            40.39771815158812
          ]
        ]
      },
      "properties": {
        "tipo": "mule_track",
        "area_px": 974,
        "lon_c": 16.446273,
        "lat_c": 40.399174
      }
    },
    {
      "type": "Feature",
      "geometry": {
        "type": "LineString",
        "coordinates": [
          [
            16.432709580838324,
            40.39978213507625
          ],
          [
            16.43429470393578,
            40.39805216439589
          ],
          [
            16.435778443113772,
            40.3963994954707
          ]
        ]
      },
      "properties": {
        "tipo": "mule_track",
        "area_px": 1292,
        "lon_c": 16.434295,
        "lat_c": 40.398052
      }
    },
    {
      "type": "Feature",
      "geometry": {
        "type": "LineString",
        "coordinates": [
          [
            16.429565868263474,
            40.399667469326914
          ],
          [
            16.43085853293413,
            40.39857327141383
          ],
          [
            16.432185628742513,
            40.39748882008944
          ]
        ]
      },
      "properties": {
        "tipo": "mule_track",
        "area_px": 600,
        "lon_c": 16.430859,
        "lat_c": 40.398573
      }
    },
    {
      "type": "Feature",
      "geometry": {
        "type": "LineString",
        "coordinates": [
          [
            16.439520958083833,
            40.39955280357757
          ],
          [
            16.44115763039139,
            40.39857430174375
          ],
          [
            16.442664670658683,
            40.39754615296411
          ]
        ]
      },
      "properties": {
        "tipo": "mule_track",
        "area_px": 552,
        "lon_c": 16.441158,
        "lat_c": 40.398574
      }
    },
    {
      "type": "Feature",
      "geometry": {
        "type": "LineString",
        "coordinates": [
          [
            16.436601796407185,
            40.39840614608416
          ],
          [
            16.43779346069765,
            40.39756230627404
          ],
          [
            16.43929640718563,
            40.39662882696938
          ]
        ]
      },
      "properties": {
        "tipo": "mule_track",
        "area_px": 504,
        "lon_c": 16.437793,
        "lat_c": 40.397562
      }
    },
    {
      "type": "Feature",
      "geometry": {
        "type": "LineString",
        "coordinates": [
          [
            16.26055389221557,
            40.39599816534801
          ],
          [
            16.26189694474687,
            40.39512488142519
          ],
          [
            16.26317365269461,
            40.39416351335856
          ]
        ]
      },
      "properties": {
        "tipo": "mule_track",
        "area_px": 440,
        "lon_c": 16.261897,
        "lat_c": 40.395125
      }
    },
    {
      "type": "Feature",
      "geometry": {
        "type": "LineString",
        "coordinates": [
          [
            16.212200598802394,
            40.39496617360395
          ],
          [
            16.21330748037,
            40.39406457510986
          ],
          [
            16.21444610778443,
            40.393016855865156
          ]
        ]
      },
      "properties": {
        "tipo": "mule_track",
        "area_px": 514,
        "lon_c": 16.213307,
        "lat_c": 40.394065
      }
    },
    {
      "type": "Feature",
      "geometry": {
        "type": "LineString",
        "coordinates": [
          [
            16.226646706586827,
            40.39473684210527
          ],
          [
            16.228196927313256,
            40.39320274829529
          ],
          [
            16.229491017964072,
            40.39181286549708
          ]
        ]
      },
      "properties": {
        "tipo": "mule_track",
        "area_px": 685,
        "lon_c": 16.228197,
        "lat_c": 40.393203
      }
    },
    {
      "type": "Feature",
      "geometry": {
        "type": "LineString",
        "coordinates": [
          [
            16.263023952095807,
            40.394622176355924
          ],
          [
            16.26474659028652,
            40.39317744313048
          ],
          [
            16.266467065868262,
            40.39169819974774
          ]
        ]
      },
      "properties": {
        "tipo": "mule_track",
        "area_px": 623,
        "lon_c": 16.264747,
        "lat_c": 40.393177
      }
    },
    {
      "type": "Feature",
      "geometry": {
        "type": "LineString",
        "coordinates": [
          [
            16.210928143712575,
            40.392844857241144
          ],
          [
            16.212701249799252,
            40.39139330308091
          ],
          [
            16.213997005988023,
            40.38986354775829
          ]
        ]
      },
      "properties": {
        "tipo": "mule_track",
        "area_px": 1044,
        "lon_c": 16.212701,
        "lat_c": 40.391393
      }
    },
    {
      "type": "Feature",
      "geometry": {
        "type": "LineString",
        "coordinates": [
          [
            16.26571856287425,
            40.39158353399839
          ],
          [
            16.268667127796117,
            40.389755863326464
          ],
          [
            16.271781437125746,
            40.388028895768834
          ]
        ]
      },
      "properties": {
        "tipo": "mule_track",
        "area_px": 1199,
        "lon_c": 16.268667,
        "lat_c": 40.389756
      }
    },
    {
      "type": "Feature",
      "geometry": {
        "type": "LineString",
        "coordinates": [
          [
            16.212050898203593,
            40.38980621488361
          ],
          [
            16.21304339465693,
            40.387470513937124
          ],
          [
            16.214221556886226,
            40.385563582158014
          ]
        ]
      },
      "properties": {
        "tipo": "mule_track",
        "area_px": 1051,
        "lon_c": 16.213043,
        "lat_c": 40.387471
      }
    },
    {
      "type": "Feature",
      "geometry": {
        "type": "LineString",
        "coordinates": [
          [
            16.259805389221555,
            40.389060887512905
          ],
          [
            16.26120103931787,
            40.388186882867366
          ],
          [
            16.262425149700597,
            40.38722623552345
          ]
        ]
      },
      "properties": {
        "tipo": "mule_track",
        "area_px": 401,
        "lon_c": 16.261201,
        "lat_c": 40.388187
      }
    },
    {
      "type": "Feature",
      "geometry": {
        "type": "LineString",
        "coordinates": [
          [
            16.24079341317365,
            40.386423575278066
          ],
          [
            16.241686124606133,
            40.38552379771039
          ],
          [
            16.242664670658684,
            40.38458892328862
          ]
        ]
      },
      "properties": {
        "tipo": "mule_track",
        "area_px": 477,
        "lon_c": 16.241686,
        "lat_c": 40.385524
      }
    },
    {
      "type": "Feature",
      "geometry": {
        "type": "LineString",
        "coordinates": [
          [
            16.245434131736527,
            40.386194243779386
          ],
          [
            16.24980357817184,
            40.38318932230181
          ],
          [
            16.254266467065868,
            40.38057562206169
          ]
        ]
      },
      "properties": {
        "tipo": "mule_track",
        "area_px": 2331,
        "lon_c": 16.249804,
        "lat_c": 40.383189
      }
    },
    {
      "type": "Feature",
      "geometry": {
        "type": "LineString",
        "coordinates": [
          [
            16.2562125748503,
            40.38613691090472
          ],
          [
            16.25875507309763,
            40.385327784545645
          ],
          [
            16.261826347305387,
            40.38435959178993
          ]
        ]
      },
      "properties": {
        "tipo": "mule_track",
        "area_px": 931,
        "lon_c": 16.258755,
        "lat_c": 40.385328
      }
    },
    {
      "type": "Feature",
      "geometry": {
        "type": "LineString",
        "coordinates": [
          [
            16.261601796407184,
            40.384932920536635
          ],
          [
            16.263169385983733,
            40.38376021113438
          ],
          [
            16.26489520958084,
            40.38252493980048
          ]
        ]
      },
      "properties": {
        "tipo": "mule_track",
        "area_px": 614,
        "lon_c": 16.263169,
        "lat_c": 40.38376
      }
    },
    {
      "type": "Feature",
      "geometry": {
        "type": "LineString",
        "coordinates": [
          [
            16.24071856287425,
            40.38413026029125
          ],
          [
            16.242827449383,
            40.38181243629241
          ],
          [
            16.245209580838324,
            40.379428964568284
          ]
        ]
      },
      "properties": {
        "tipo": "mule_track",
        "area_px": 1448,
        "lon_c": 16.242827,
        "lat_c": 40.381812
      }
    },
    {
      "type": "Feature",
      "geometry": {
        "type": "LineString",
        "coordinates": [
          [
            16.26324850299401,
            40.38155028093109
          ],
          [
            16.26489339634684,
            40.38007418162877
          ],
          [
            16.26624251497006,
            40.378912968696255
          ]
        ]
      },
      "properties": {
        "tipo": "mule_track",
        "area_px": 1032,
        "lon_c": 16.264893,
        "lat_c": 40.380074
      }
    },
    {
      "type": "Feature",
      "geometry": {
        "type": "LineString",
        "coordinates": [
          [
            16.256736526946106,
            40.381148950808395
          ],
          [
            16.259552749165444,
            40.38007492324733
          ],
          [
            16.262275449101796,
            40.37879830294691
          ]
        ]
      },
      "properties": {
        "tipo": "mule_track",
        "area_px": 922,
        "lon_c": 16.259553,
        "lat_c": 40.380075
      }
    },
    {
      "type": "Feature",
      "geometry": {
        "type": "LineString",
        "coordinates": [
          [
            16.26631736526946,
            40.38080495356037
          ],
          [
            16.268580123382016,
            40.3799943420404
          ],
          [
            16.270434131736526,
            40.379142300194935
          ]
        ]
      },
      "properties": {
        "tipo": "mule_track",
        "area_px": 959,
        "lon_c": 16.26858,
        "lat_c": 40.379994
      }
    },
    {
      "type": "Feature",
      "geometry": {
        "type": "LineString",
        "coordinates": [
          [
            16.270209580838323,
            40.38080495356037
          ],
          [
            16.274149191822037,
            40.37951170696871
          ],
          [
            16.277919161676646,
            40.37833963994955
          ]
        ]
      },
      "properties": {
        "tipo": "mule_track",
        "area_px": 2042,
        "lon_c": 16.274149,
        "lat_c": 40.379512
      }
    },
    {
      "type": "Feature",
      "geometry": {
        "type": "LineString",
        "coordinates": [
          [
            16.23997005988024,
            40.38028895768834
          ],
          [
            16.244958099379875,
            40.37786891918515
          ],
          [
            16.249101796407185,
            40.37547299621603
          ]
        ]
      },
      "properties": {
        "tipo": "mule_track",
        "area_px": 2696,
        "lon_c": 16.244958,
        "lat_c": 40.377869
      }
    },
    {
      "type": "Feature",
      "geometry": {
        "type": "LineString",
        "coordinates": [
          [
            16.209805389221557,
            40.379142300194935
          ],
          [
            16.213673643737206,
            40.37735147333481
          ],
          [
            16.21803892215569,
            40.37644765508543
          ]
        ]
      },
      "properties": {
        "tipo": "mule_track",
        "area_px": 2674,
        "lon_c": 16.213674,
        "lat_c": 40.377351
      }
    },
    {
      "type": "Feature",
      "geometry": {
        "type": "LineString",
        "coordinates": [
          [
            16.30112275449102,
            40.37868363719757
          ],
          [
            16.303337106190675,
            40.37646410989935
          ],
          [
            16.3062125748503,
            40.374555670221305
          ]
        ]
      },
      "properties": {
        "tipo": "mule_track",
        "area_px": 1439,
        "lon_c": 16.303337,
        "lat_c": 40.376464
      }
    },
    {
      "type": "Feature",
      "geometry": {
        "type": "LineString",
        "coordinates": [
          [
            16.248502994011975,
            40.377364981080156
          ],
          [
            16.24969632164243,
            40.376424858442405
          ],
          [
            16.250898203592815,
            40.37535833046669
          ]
        ]
      },
      "properties": {
        "tipo": "mule_track",
        "area_px": 420,
        "lon_c": 16.249696,
        "lat_c": 40.376425
      }
    },
    {
      "type": "Feature",
      "geometry": {
        "type": "LineString",
        "coordinates": [
          [
            16.209730538922155,
            40.37656232083477
          ],
          [
            16.21074017559736,
            40.37551419845876
          ],
          [
            16.211751497005988,
            40.37421167297328
          ]
        ]
      },
      "properties": {
        "tipo": "mule_track",
        "area_px": 622,
        "lon_c": 16.21074,
        "lat_c": 40.375514
      }
    },
    {
      "type": "Feature",
      "geometry": {
        "type": "LineString",
        "coordinates": [
          [
            16.249925149700598,
            40.37575966058938
          ],
          [
            16.251639572026516,
            40.37484779943388
          ],
          [
            16.253368263473053,
            40.37392500859993
          ]
        ]
      },
      "properties": {
        "tipo": "mule_track",
        "area_px": 598,
        "lon_c": 16.25164,
        "lat_c": 40.374848
      }
    },
    {
      "type": "Feature",
      "geometry": {
        "type": "LineString",
        "coordinates": [
          [
            16.327095808383234,
            40.37575966058938
          ],
          [
            16.328788842218476,
            40.375027692335095
          ],
          [
            16.330164670658682,
            40.37426900584796
          ]
        ]
      },
      "properties": {
        "tipo": "mule_track",
        "area_px": 412,
        "lon_c": 16.328789,
        "lat_c": 40.375028
      }
    },
    {
      "type": "Feature",
      "geometry": {
        "type": "LineString",
        "coordinates": [
          [
            16.27058383233533,
            40.37421167297328
          ],
          [
            16.272930137623913,
            40.37334638017574
          ],
          [
            16.275374251497006,
            40.372319688109165
          ]
        ]
      },
      "properties": {
        "tipo": "mule_track",
        "area_px": 952,
        "lon_c": 16.27293,
        "lat_c": 40.373346
      }
    },
    {
      "type": "Feature",
      "geometry": {
        "type": "LineString",
        "coordinates": [
          [
            16.27582335329341,
            40.37295034973054
          ],
          [
            16.28134380055543,
            40.37119948285865
          ],
          [
            16.286077844311375,
            40.3693383786263
          ]
        ]
      },
      "properties": {
        "tipo": "mule_track",
        "area_px": 2913,
        "lon_c": 16.281344,
        "lat_c": 40.371199
      }
    },
    {
      "type": "Feature",
      "geometry": {
        "type": "LineString",
        "coordinates": [
          [
            16.257110778443113,
            40.372778351106525
          ],
          [
            16.259298540275033,
            40.37184976461138
          ],
          [
            16.261452095808384,
            40.3708863662424
          ]
        ]
      },
      "properties": {
        "tipo": "mule_track",
        "area_px": 779,
        "lon_c": 16.259299,
        "lat_c": 40.37185
      }
    },
    {
      "type": "Feature",
      "geometry": {
        "type": "LineString",
        "coordinates": [
          [
            16.30501497005988,
            40.37019837174636
          ],
          [
            16.306262061185684,
            40.36913051299065
          ],
          [
            16.30755988023952,
            40.36790505675955
          ]
        ]
      },
      "properties": {
        "tipo": "mule_track",
        "area_px": 422,
        "lon_c": 16.306262,
        "lat_c": 40.369131
      }
    },
    {
      "type": "Feature",
      "geometry": {
        "type": "LineString",
        "coordinates": [
          [
            16.211526946107785,
            40.36457975002867
          ],
          [
            16.212549212598425,
            40.36358962934071
          ],
          [
            16.213622754491016,
            40.362630432289876
          ]
        ]
      },
      "properties": {
        "tipo": "mule_track",
        "area_px": 508,
        "lon_c": 16.212549,
        "lat_c": 40.36359
      }
    },
    {
      "type": "Feature",
      "geometry": {
        "type": "LineString",
        "coordinates": [
          [
            16.21077844311377,
            40.362687765164544
          ],
          [
            16.212778367524006,
            40.3594850224001
          ],
          [
            16.21504491017964,
            40.35609448457746
          ]
        ]
      },
      "properties": {
        "tipo": "mule_track",
        "area_px": 1822,
        "lon_c": 16.212778,
        "lat_c": 40.359485
      }
    },
    {
      "type": "Feature",
      "geometry": {
        "type": "LineString",
        "coordinates": [
          [
            16.292365269461076,
            40.360394450177736
          ],
          [
            16.29672492871923,
            40.35872060785803
          ],
          [
            16.30067365269461,
            40.356667813324165
          ]
        ]
      },
      "properties": {
        "tipo": "mule_track",
        "area_px": 1363,
        "lon_c": 16.296725,
        "lat_c": 40.358721
      }
    },
    {
      "type": "Feature",
      "geometry": {
        "type": "LineString",
        "coordinates": [
          [
            16.20381736526946,
            40.354718495585374
          ],
          [
            16.208572718517704,
            40.35204470160216
          ],
          [
            16.211751497005988,
            40.34927187249169
          ]
        ]
      },
      "properties": {
        "tipo": "mule_track",
        "area_px": 3712,
        "lon_c": 16.208573,
        "lat_c": 40.352045
      }
    },
    {
      "type": "Feature",
      "geometry": {
        "type": "LineString",
        "coordinates": [
          [
            16.399850299401198,
            40.34795321637427
          ],
          [
            16.401204647597584,
            40.346431323370716
          ],
          [
            16.40239520958084,
            40.34474257539273
          ]
        ]
      },
      "properties": {
        "tipo": "mule_track",
        "area_px": 457,
        "lon_c": 16.401205,
        "lat_c": 40.346431
      }
    },
    {
      "type": "Feature",
      "geometry": {
        "type": "LineString",
        "coordinates": [
          [
            16.212275449101796,
            40.34640522875817
          ],
          [
            16.215633025216732,
            40.341895557657516
          ],
          [
            16.219086826347304,
            40.337747964682954
          ]
        ]
      },
      "properties": {
        "tipo": "mule_track",
        "area_px": 3859,
        "lon_c": 16.215633,
        "lat_c": 40.341896
      }
    },
    {
      "type": "Feature",
      "geometry": {
        "type": "LineString",
        "coordinates": [
          [
            16.256586826347306,
            40.34107327141383
          ],
          [
            16.261242393871733,
            40.339654724467394
          ],
          [
            16.265943113772455,
            40.33791996330696
          ]
        ]
      },
      "properties": {
        "tipo": "mule_track",
        "area_px": 2596,
        "lon_c": 16.261242,
        "lat_c": 40.339655
      }
    },
    {
      "type": "Feature",
      "geometry": {
        "type": "LineString",
        "coordinates": [
          [
            16.254116766467064,
            40.339926613920426
          ],
          [
            16.255142011262834,
            40.33870469813744
          ],
          [
            16.2562125748503,
            40.33780529755762
          ]
        ]
      },
      "properties": {
        "tipo": "mule_track",
        "area_px": 403,
        "lon_c": 16.255142,
        "lat_c": 40.338705
      }
    },
    {
      "type": "Feature",
      "geometry": {
        "type": "LineString",
        "coordinates": [
          [
            16.264745508982035,
            40.33791996330696
          ],
          [
            16.26613405510021,
            40.33695562684233
          ],
          [
            16.267215568862273,
            40.33602797844284
          ]
        ]
      },
      "properties": {
        "tipo": "mule_track",
        "area_px": 461,
        "lon_c": 16.266134,
        "lat_c": 40.336956
      }
    },
    {
      "type": "Feature",
      "geometry": {
        "type": "LineString",
        "coordinates": [
          [
            16.26818862275449,
            40.33791996330696
          ],
          [
            16.269231001967945,
            40.336416914991574
          ],
          [
            16.270209580838323,
            40.33470932232542
          ]
        ]
      },
      "properties": {
        "tipo": "mule_track",
        "area_px": 569,
        "lon_c": 16.269231,
        "lat_c": 40.336417
      }
    },
    {
      "type": "Feature",
      "geometry": {
        "type": "LineString",
        "coordinates": [
          [
            16.28510479041916,
            40.33734663456026
          ],
          [
            16.286367271924455,
            40.336011142010044
          ],
          [
            16.287949101796407,
            40.33499598669878
          ]
        ]
      },
      "properties": {
        "tipo": "mule_track",
        "area_px": 773,
        "lon_c": 16.286367,
        "lat_c": 40.336011
      }
    },
    {
      "type": "Feature",
      "geometry": {
        "type": "LineString",
        "coordinates": [
          [
            16.25389221556886,
            40.33700263731224
          ],
          [
            16.256672505761905,
            40.33564574188897
          ],
          [
            16.260404191616765,
            40.33459465657608
          ]
        ]
      },
      "properties": {
        "tipo": "mule_track",
        "area_px": 1099,
        "lon_c": 16.256673,
        "lat_c": 40.335646
      }
    },
    {
      "type": "Feature",
      "geometry": {
        "type": "LineString",
        "coordinates": [
          [
            16.26010479041916,
            40.33671597293888
          ],
          [
            16.26268534076521,
            40.33523785121855
          ],
          [
            16.265344311377245,
            40.33402132782938
          ]
        ]
      },
      "properties": {
        "tipo": "mule_track",
        "area_px": 1258,
        "lon_c": 16.262685,
        "lat_c": 40.335238
      }
    },
    {
      "type": "Feature",
      "geometry": {
        "type": "LineString",
        "coordinates": [
          [
            16.24880239520958,
            40.33631464281619
          ],
          [
            16.25139604632621,
            40.33469695719087
          ],
          [
            16.253218562874252,
            40.333333333333336
          ]
        ]
      },
      "properties": {
        "tipo": "mule_track",
        "area_px": 1442,
        "lon_c": 16.251396,
        "lat_c": 40.334697
      }
    },
    {
      "type": "Feature",
      "geometry": {
        "type": "LineString",
        "coordinates": [
          [
            16.280314371257486,
            40.33608531131751
          ],
          [
            16.282246455775798,
            40.334616549797914
          ],
          [
            16.284805389221557,
            40.333333333333336
          ]
        ]
      },
      "properties": {
        "tipo": "mule_track",
        "area_px": 838,
        "lon_c": 16.282246,
        "lat_c": 40.334617
      }
    },
    {
      "type": "Feature",
      "geometry": {
        "type": "LineString",
        "coordinates": [
          [
            16.26504491017964,
            40.335339983946795
          ],
          [
            16.2668310638996,
            40.33456077295935
          ],
          [
            16.268488023952095,
            40.33367733058136
          ]
        ]
      },
      "properties": {
        "tipo": "mule_track",
        "area_px": 511,
        "lon_c": 16.266831,
        "lat_c": 40.334561
      }
    },
    {
      "type": "Feature",
      "geometry": {
        "type": "LineString",
        "coordinates": [
          [
            16.28997005988024,
            40.33499598669878
          ],
          [
            16.290871198778913,
            40.33416901619036
          ],
          [
            16.292140718562873,
            40.333333333333336
          ]
        ]
      },
      "properties": {
        "tipo": "mule_track",
        "area_px": 408,
        "lon_c": 16.290871,
        "lat_c": 40.334169
      }
    },
    {
      "type": "Feature",
      "geometry": {
        "type": "LineString",
        "coordinates": [
          [
            16.31369760479042,
            40.33470932232542
          ],
          [
            16.318186125296023,
            40.33380488075494
          ],
          [
            16.32133233532934,
            40.333333333333336
          ]
        ]
      },
      "properties": {
        "tipo": "mule_track",
        "area_px": 1019,
        "lon_c": 16.318186,
        "lat_c": 40.333805
      }
    }
  ]
}